,close_date,ApproveAfterChange,DirectlyApprove,Rejected,TotalCommit,ApprovalRate,CloseToReleaseDate
0,2009-10-02,0.0,2.0,0.0,2.0,1.0,False
1,2009-10-06,0.0,2.0,0.0,2.0,1.0,False
2,2009-10-16,2.0,1.0,2.0,5.0,0.2,False
3,2009-10-28,0.0,1.0,0.0,1.0,1.0,False
4,2009-10-31,0.0,2.0,0.0,2.0,1.0,False
5,2009-11-01,0.0,1.0,1.0,2.0,0.5,False
6,2009-11-12,0.0,1.0,0.0,1.0,1.0,False
7,2009-12-01,4.0,4.0,1.0,9.0,0.4444444444444444,False
8,2009-12-03,0.0,3.0,1.0,4.0,0.75,False
9,2009-12-08,0.0,0.0,7.0,7.0,0.0,False
10,2009-12-22,0.0,1.0,1.0,2.0,0.5,False
11,2009-12-30,4.0,1.0,0.0,5.0,0.2,False
12,2009-12-31,0.0,1.0,0.0,1.0,1.0,False
13,2010-01-05,1.0,0.0,0.0,1.0,0.0,False
14,2010-01-08,0.0,2.0,0.0,2.0,1.0,False
15,2010-01-13,0.0,3.0,0.0,3.0,1.0,False
16,2010-01-18,0.0,0.0,1.0,1.0,0.0,True
17,2010-01-19,0.0,0.0,1.0,1.0,0.0,False
18,2010-01-20,1.0,1.0,4.0,6.0,0.16666666666666666,False
19,2010-01-21,0.0,1.0,0.0,1.0,1.0,False
20,2010-01-22,1.0,0.0,1.0,2.0,0.0,False
21,2010-01-23,0.0,3.0,0.0,3.0,1.0,False
22,2010-01-24,0.0,0.0,1.0,1.0,0.0,False
23,2010-01-27,0.0,3.0,0.0,3.0,1.0,False
24,2010-01-28,0.0,0.0,1.0,1.0,0.0,False
25,2010-01-30,0.0,1.0,0.0,1.0,1.0,False
26,2010-02-01,2.0,1.0,0.0,3.0,0.3333333333333333,False
27,2010-02-02,1.0,0.0,1.0,2.0,0.0,False
28,2010-02-03,0.0,2.0,1.0,3.0,0.6666666666666666,False
29,2010-02-04,0.0,2.0,0.0,2.0,1.0,False
30,2010-02-07,1.0,1.0,0.0,2.0,0.5,False
31,2010-02-08,0.0,1.0,0.0,1.0,1.0,False
32,2010-02-11,1.0,2.0,0.0,3.0,0.6666666666666666,False
33,2010-02-12,0.0,2.0,0.0,2.0,1.0,False
34,2010-02-15,1.0,0.0,0.0,1.0,0.0,False
35,2010-02-17,1.0,1.0,0.0,2.0,0.5,False
36,2010-02-18,0.0,0.0,1.0,1.0,0.0,False
37,2010-02-19,1.0,0.0,1.0,2.0,0.0,False
38,2010-02-24,1.0,0.0,2.0,3.0,0.0,False
39,2010-03-01,0.0,1.0,0.0,1.0,1.0,False
40,2010-03-03,2.0,0.0,4.0,6.0,0.0,True
41,2010-03-04,0.0,0.0,1.0,1.0,0.0,False
42,2010-03-05,2.0,0.0,1.0,3.0,0.0,False
43,2010-03-10,1.0,0.0,1.0,2.0,0.0,True
44,2010-03-11,2.0,1.0,0.0,3.0,0.3333333333333333,True
45,2010-03-12,0.0,0.0,1.0,1.0,0.0,True
46,2010-03-13,0.0,0.0,1.0,1.0,0.0,True
47,2010-03-14,0.0,0.0,1.0,1.0,0.0,True
48,2010-03-15,0.0,1.0,1.0,2.0,0.5,True
49,2010-03-17,0.0,3.0,11.0,14.0,0.21428571428571427,False
50,2010-03-18,0.0,1.0,0.0,1.0,1.0,True
51,2010-03-19,2.0,1.0,1.0,4.0,0.25,True
52,2010-03-22,0.0,1.0,0.0,1.0,1.0,True
53,2010-03-25,0.0,1.0,1.0,2.0,0.5,False
54,2010-03-29,2.0,0.0,0.0,2.0,0.0,False
55,2010-03-31,0.0,2.0,1.0,3.0,0.6666666666666666,True
56,2010-04-01,3.0,3.0,2.0,8.0,0.375,True
57,2010-04-03,0.0,0.0,2.0,2.0,0.0,False
58,2010-04-06,0.0,3.0,1.0,4.0,0.75,False
59,2010-04-07,1.0,0.0,0.0,1.0,0.0,False
60,2010-04-08,0.0,2.0,1.0,3.0,0.6666666666666666,False
61,2010-04-09,2.0,2.0,0.0,4.0,0.5,False
62,2010-04-10,1.0,1.0,2.0,4.0,0.25,False
63,2010-04-11,1.0,1.0,2.0,4.0,0.25,False
64,2010-04-14,1.0,1.0,3.0,5.0,0.2,False
65,2010-04-15,1.0,2.0,0.0,3.0,0.6666666666666666,True
66,2010-04-16,3.0,6.0,2.0,11.0,0.5454545454545454,True
67,2010-04-17,1.0,2.0,0.0,3.0,0.6666666666666666,False
68,2010-04-18,0.0,1.0,0.0,1.0,1.0,False
69,2010-04-20,0.0,5.0,1.0,6.0,0.8333333333333334,False
70,2010-04-21,0.0,0.0,1.0,1.0,0.0,False
71,2010-04-22,1.0,0.0,0.0,1.0,0.0,False
72,2010-04-23,0.0,1.0,0.0,1.0,1.0,False
73,2010-04-25,0.0,2.0,0.0,2.0,1.0,False
74,2010-04-26,2.0,8.0,2.0,12.0,0.6666666666666666,False
75,2010-04-27,3.0,5.0,0.0,8.0,0.625,False
76,2010-04-28,1.0,1.0,0.0,2.0,0.5,False
77,2010-04-29,0.0,2.0,0.0,2.0,1.0,True
78,2010-04-30,0.0,1.0,0.0,1.0,1.0,True
79,2010-05-02,1.0,3.0,1.0,5.0,0.6,False
80,2010-05-03,1.0,0.0,0.0,1.0,0.0,False
81,2010-05-04,3.0,2.0,0.0,5.0,0.4,True
82,2010-05-05,1.0,3.0,1.0,5.0,0.6,True
83,2010-05-06,2.0,4.0,4.0,10.0,0.4,False
84,2010-05-07,2.0,3.0,2.0,7.0,0.42857142857142855,False
85,2010-05-08,0.0,1.0,0.0,1.0,1.0,False
86,2010-05-09,0.0,2.0,0.0,2.0,1.0,False
87,2010-05-10,0.0,3.0,1.0,4.0,0.75,True
88,2010-05-11,1.0,5.0,1.0,7.0,0.7142857142857143,True
89,2010-05-12,5.0,4.0,1.0,10.0,0.4,False
90,2010-05-14,0.0,2.0,0.0,2.0,1.0,False
91,2010-05-16,0.0,1.0,0.0,1.0,1.0,False
92,2010-05-17,0.0,4.0,0.0,4.0,1.0,False
93,2010-05-18,2.0,3.0,1.0,6.0,0.5,False
94,2010-05-19,1.0,3.0,0.0,4.0,0.75,False
95,2010-05-20,0.0,3.0,1.0,4.0,0.75,False
96,2010-05-21,0.0,3.0,1.0,4.0,0.75,False
97,2010-05-22,0.0,1.0,0.0,1.0,1.0,False
98,2010-05-24,2.0,5.0,0.0,7.0,0.7142857142857143,False
99,2010-05-25,0.0,4.0,0.0,4.0,1.0,False
100,2010-05-26,0.0,6.0,0.0,6.0,1.0,False
101,2010-05-27,0.0,3.0,0.0,3.0,1.0,False
102,2010-05-28,2.0,6.0,1.0,9.0,0.6666666666666666,False
103,2010-05-29,0.0,0.0,1.0,1.0,0.0,False
104,2010-05-30,0.0,2.0,0.0,2.0,1.0,False
105,2010-05-31,2.0,0.0,1.0,3.0,0.0,False
106,2010-06-01,0.0,4.0,1.0,5.0,0.8,True
107,2010-06-02,0.0,9.0,1.0,10.0,0.9,True
108,2010-06-03,2.0,2.0,1.0,5.0,0.4,False
109,2010-06-04,0.0,2.0,3.0,5.0,0.4,False
110,2010-06-05,1.0,0.0,0.0,1.0,0.0,False
111,2010-06-07,0.0,1.0,0.0,1.0,1.0,False
112,2010-06-08,0.0,1.0,1.0,2.0,0.5,True
113,2010-06-10,0.0,2.0,0.0,2.0,1.0,False
114,2010-06-11,1.0,0.0,1.0,2.0,0.0,False
115,2010-06-12,1.0,0.0,0.0,1.0,0.0,False
116,2010-06-14,0.0,7.0,1.0,8.0,0.875,True
117,2010-06-15,0.0,12.0,0.0,12.0,1.0,False
118,2010-06-16,2.0,3.0,0.0,5.0,0.6,False
119,2010-06-17,1.0,3.0,1.0,5.0,0.6,False
120,2010-06-18,2.0,5.0,0.0,7.0,0.7142857142857143,False
121,2010-06-19,0.0,2.0,0.0,2.0,1.0,False
122,2010-06-20,2.0,2.0,0.0,4.0,0.5,True
123,2010-06-21,3.0,1.0,2.0,6.0,0.16666666666666666,True
124,2010-06-23,0.0,1.0,0.0,1.0,1.0,True
125,2010-06-24,0.0,2.0,1.0,3.0,0.6666666666666666,False
126,2010-06-25,2.0,1.0,1.0,4.0,0.25,False
127,2010-06-29,1.0,3.0,2.0,6.0,0.5,False
128,2010-06-30,4.0,3.0,3.0,10.0,0.3,False
129,2010-07-01,2.0,2.0,2.0,6.0,0.3333333333333333,True
130,2010-07-02,0.0,2.0,3.0,5.0,0.4,True
131,2010-07-03,1.0,1.0,0.0,2.0,0.5,False
132,2010-07-05,0.0,2.0,1.0,3.0,0.6666666666666666,False
133,2010-07-06,4.0,3.0,0.0,7.0,0.42857142857142855,False
134,2010-07-07,2.0,1.0,0.0,3.0,0.3333333333333333,False
135,2010-07-08,0.0,3.0,0.0,3.0,1.0,False
136,2010-07-09,1.0,2.0,0.0,3.0,0.6666666666666666,False
137,2010-07-12,0.0,5.0,1.0,6.0,0.8333333333333334,False
138,2010-07-13,1.0,1.0,2.0,4.0,0.25,True
139,2010-07-14,1.0,0.0,0.0,1.0,0.0,True
140,2010-07-15,0.0,0.0,1.0,1.0,0.0,False
141,2010-07-16,1.0,4.0,0.0,5.0,0.8,False
142,2010-07-19,3.0,2.0,0.0,5.0,0.4,True
143,2010-07-20,2.0,1.0,0.0,3.0,0.3333333333333333,True
144,2010-07-22,2.0,1.0,0.0,3.0,0.3333333333333333,True
145,2010-07-27,1.0,1.0,2.0,4.0,0.25,False
146,2010-07-28,1.0,2.0,0.0,3.0,0.6666666666666666,False
147,2010-07-29,3.0,2.0,0.0,5.0,0.4,False
148,2010-07-30,1.0,2.0,0.0,3.0,0.6666666666666666,False
149,2010-08-02,2.0,3.0,0.0,5.0,0.6,True
150,2010-08-03,1.0,3.0,0.0,4.0,0.75,True
151,2010-08-04,0.0,4.0,0.0,4.0,1.0,False
152,2010-08-05,2.0,5.0,0.0,7.0,0.7142857142857143,False
153,2010-08-06,1.0,2.0,1.0,4.0,0.5,False
154,2010-08-07,0.0,1.0,1.0,2.0,0.5,False
155,2010-08-08,0.0,7.0,2.0,9.0,0.7777777777777778,False
156,2010-08-09,1.0,0.0,0.0,1.0,0.0,False
157,2010-08-10,0.0,7.0,1.0,8.0,0.875,False
158,2010-08-11,4.0,4.0,0.0,8.0,0.5,True
159,2010-08-12,2.0,7.0,1.0,10.0,0.7,True
160,2010-08-13,0.0,3.0,0.0,3.0,1.0,False
161,2010-08-16,1.0,8.0,0.0,9.0,0.8888888888888888,False
162,2010-08-17,3.0,2.0,0.0,5.0,0.4,False
163,2010-08-18,0.0,2.0,0.0,2.0,1.0,False
164,2010-08-19,1.0,7.0,1.0,9.0,0.7777777777777778,False
165,2010-08-20,6.0,4.0,0.0,10.0,0.4,False
166,2010-08-21,1.0,3.0,0.0,4.0,0.75,False
167,2010-08-22,0.0,1.0,0.0,1.0,1.0,False
168,2010-08-23,2.0,5.0,0.0,7.0,0.7142857142857143,False
169,2010-08-24,4.0,5.0,1.0,10.0,0.5,True
170,2010-08-25,3.0,3.0,1.0,7.0,0.42857142857142855,True
171,2010-08-26,1.0,7.0,0.0,8.0,0.875,True
172,2010-08-27,4.0,3.0,0.0,7.0,0.42857142857142855,True
173,2010-08-28,0.0,1.0,0.0,1.0,1.0,True
174,2010-08-29,1.0,1.0,0.0,2.0,0.5,True
175,2010-08-30,5.0,4.0,2.0,11.0,0.3636363636363637,False
176,2010-08-31,2.0,4.0,0.0,6.0,0.6666666666666666,False
177,2010-09-01,0.0,2.0,1.0,3.0,0.6666666666666666,True
178,2010-09-02,1.0,4.0,0.0,5.0,0.8,True
179,2010-09-03,0.0,4.0,0.0,4.0,1.0,True
180,2010-09-04,0.0,2.0,0.0,2.0,1.0,False
181,2010-09-06,3.0,10.0,0.0,13.0,0.7692307692307693,True
182,2010-09-07,3.0,2.0,0.0,5.0,0.4,True
183,2010-09-08,1.0,6.0,1.0,8.0,0.75,False
184,2010-09-09,2.0,7.0,1.0,10.0,0.7,False
185,2010-09-10,1.0,1.0,0.0,2.0,0.5,False
186,2010-09-13,1.0,2.0,0.0,3.0,0.6666666666666666,True
187,2010-09-14,0.0,2.0,0.0,2.0,1.0,True
188,2010-09-15,0.0,6.0,0.0,6.0,1.0,True
189,2010-09-16,0.0,2.0,0.0,2.0,1.0,False
190,2010-09-17,3.0,5.0,4.0,12.0,0.4166666666666667,False
191,2010-09-18,1.0,2.0,0.0,3.0,0.6666666666666666,False
192,2010-09-19,0.0,2.0,0.0,2.0,1.0,True
193,2010-09-20,0.0,6.0,0.0,6.0,1.0,True
194,2010-09-22,0.0,1.0,0.0,1.0,1.0,True
195,2010-09-23,1.0,2.0,0.0,3.0,0.6666666666666666,True
196,2010-09-24,1.0,3.0,0.0,4.0,0.75,False
197,2010-09-27,2.0,1.0,0.0,3.0,0.3333333333333333,False
198,2010-09-29,0.0,3.0,0.0,3.0,1.0,False
199,2010-09-30,1.0,10.0,0.0,11.0,0.9090909090909092,False
200,2010-10-01,0.0,4.0,1.0,5.0,0.8,False
201,2010-10-03,0.0,1.0,0.0,1.0,1.0,False
202,2010-10-05,1.0,0.0,0.0,1.0,0.0,False
203,2010-10-06,0.0,3.0,0.0,3.0,1.0,False
204,2010-10-08,0.0,1.0,0.0,1.0,1.0,True
205,2010-10-09,0.0,1.0,0.0,1.0,1.0,False
206,2010-10-12,1.0,1.0,0.0,2.0,0.5,True
207,2010-10-13,3.0,1.0,1.0,5.0,0.2,True
208,2010-10-14,6.0,3.0,0.0,9.0,0.3333333333333333,True
209,2010-10-15,1.0,0.0,0.0,1.0,0.0,True
210,2010-10-17,0.0,1.0,0.0,1.0,1.0,False
211,2010-10-18,0.0,1.0,3.0,4.0,0.25,False
212,2010-10-19,1.0,5.0,0.0,6.0,0.8333333333333334,True
213,2010-10-21,2.0,0.0,2.0,4.0,0.0,True
214,2010-10-22,0.0,1.0,0.0,1.0,1.0,False
215,2010-10-23,0.0,0.0,1.0,1.0,0.0,False
216,2010-10-25,2.0,2.0,0.0,4.0,0.5,True
217,2010-10-26,2.0,3.0,0.0,5.0,0.6,True
218,2010-10-27,0.0,2.0,0.0,2.0,1.0,True
219,2010-10-28,0.0,1.0,0.0,1.0,1.0,True
220,2010-10-29,2.0,1.0,0.0,3.0,0.3333333333333333,False
221,2010-11-01,0.0,1.0,0.0,1.0,1.0,False
222,2010-11-02,0.0,1.0,3.0,4.0,0.25,False
223,2010-11-03,0.0,1.0,0.0,1.0,1.0,False
224,2010-11-04,2.0,3.0,0.0,5.0,0.6,False
225,2010-11-09,1.0,2.0,1.0,4.0,0.5,False
226,2010-11-10,0.0,4.0,0.0,4.0,1.0,True
227,2010-11-11,0.0,2.0,0.0,2.0,1.0,True
228,2010-11-12,0.0,1.0,0.0,1.0,1.0,True
229,2010-11-13,0.0,1.0,0.0,1.0,1.0,False
230,2010-11-16,0.0,0.0,13.0,13.0,0.0,False
231,2010-11-22,0.0,1.0,0.0,1.0,1.0,False
232,2010-11-23,0.0,5.0,0.0,5.0,1.0,False
233,2010-11-24,1.0,2.0,2.0,5.0,0.4,False
234,2010-11-25,1.0,1.0,2.0,4.0,0.25,False
235,2010-11-26,0.0,4.0,0.0,4.0,1.0,False
236,2010-11-28,1.0,4.0,0.0,5.0,0.8,False
237,2010-11-29,2.0,1.0,1.0,4.0,0.25,False
238,2010-11-30,1.0,1.0,0.0,2.0,0.5,False
239,2010-12-01,3.0,2.0,1.0,6.0,0.3333333333333333,False
240,2010-12-02,3.0,12.0,0.0,15.0,0.8,False
241,2010-12-03,2.0,13.0,0.0,15.0,0.8666666666666667,False
242,2010-12-06,0.0,5.0,0.0,5.0,1.0,False
243,2010-12-07,0.0,3.0,0.0,3.0,1.0,False
244,2010-12-08,2.0,6.0,3.0,11.0,0.5454545454545454,False
245,2010-12-09,1.0,3.0,0.0,4.0,0.75,False
246,2010-12-12,1.0,1.0,0.0,2.0,0.5,False
247,2010-12-13,1.0,3.0,0.0,4.0,0.75,False
248,2010-12-14,0.0,2.0,2.0,4.0,0.5,False
249,2010-12-16,0.0,1.0,0.0,1.0,1.0,True
250,2010-12-17,0.0,5.0,0.0,5.0,1.0,True
251,2010-12-19,0.0,1.0,0.0,1.0,1.0,False
252,2010-12-20,3.0,1.0,0.0,4.0,0.25,True
253,2010-12-21,1.0,1.0,0.0,2.0,0.5,True
254,2010-12-30,1.0,3.0,0.0,4.0,0.75,False
255,2010-12-31,1.0,1.0,0.0,2.0,0.5,False
256,2011-01-05,0.0,0.0,2.0,2.0,0.0,False
257,2011-01-09,5.0,1.0,0.0,6.0,0.16666666666666666,False
258,2011-01-10,3.0,2.0,0.0,5.0,0.4,False
259,2011-01-11,0.0,1.0,0.0,1.0,1.0,False
260,2011-01-12,0.0,2.0,1.0,3.0,0.6666666666666666,False
261,2011-01-13,3.0,6.0,1.0,10.0,0.6,False
262,2011-01-14,1.0,4.0,0.0,5.0,0.8,False
263,2011-01-16,0.0,1.0,0.0,1.0,1.0,False
264,2011-01-17,3.0,5.0,3.0,11.0,0.4545454545454545,False
265,2011-01-18,1.0,4.0,2.0,7.0,0.5714285714285714,False
266,2011-01-19,7.0,9.0,1.0,17.0,0.5294117647058824,False
267,2011-01-20,0.0,3.0,1.0,4.0,0.75,False
268,2011-01-21,7.0,5.0,1.0,13.0,0.38461538461538464,False
269,2011-01-22,0.0,0.0,1.0,1.0,0.0,False
270,2011-01-23,1.0,0.0,1.0,2.0,0.0,True
271,2011-01-24,1.0,0.0,0.0,1.0,0.0,True
272,2011-01-25,2.0,3.0,0.0,5.0,0.6,True
273,2011-01-26,3.0,7.0,1.0,11.0,0.6363636363636364,False
274,2011-01-27,6.0,1.0,0.0,7.0,0.14285714285714285,False
275,2011-01-28,1.0,2.0,0.0,3.0,0.6666666666666666,False
276,2011-01-30,0.0,1.0,0.0,1.0,1.0,False
277,2011-01-31,5.0,5.0,0.0,10.0,0.5,False
278,2011-02-01,2.0,5.0,1.0,8.0,0.625,False
279,2011-02-02,2.0,5.0,0.0,7.0,0.7142857142857143,True
280,2011-02-03,4.0,5.0,0.0,9.0,0.5555555555555556,True
281,2011-02-04,0.0,3.0,1.0,4.0,0.75,True
282,2011-02-05,0.0,1.0,2.0,3.0,0.3333333333333333,False
283,2011-02-06,0.0,2.0,0.0,2.0,1.0,True
284,2011-02-07,0.0,4.0,0.0,4.0,1.0,True
285,2011-02-08,2.0,3.0,3.0,8.0,0.375,True
286,2011-02-09,2.0,3.0,2.0,7.0,0.42857142857142855,False
287,2011-02-10,0.0,3.0,0.0,3.0,1.0,True
288,2011-02-11,0.0,4.0,0.0,4.0,1.0,True
289,2011-02-12,0.0,5.0,0.0,5.0,1.0,False
290,2011-02-13,0.0,2.0,0.0,2.0,1.0,True
291,2011-02-14,2.0,3.0,1.0,6.0,0.5,True
292,2011-02-15,3.0,3.0,3.0,9.0,0.3333333333333333,False
293,2011-02-16,3.0,4.0,0.0,7.0,0.5714285714285714,False
294,2011-02-17,1.0,4.0,2.0,7.0,0.5714285714285714,False
295,2011-02-18,0.0,5.0,2.0,7.0,0.7142857142857143,True
296,2011-02-20,1.0,0.0,0.0,1.0,0.0,True
297,2011-02-21,1.0,8.0,0.0,9.0,0.8888888888888888,True
298,2011-02-22,0.0,2.0,0.0,2.0,1.0,False
299,2011-02-23,6.0,7.0,1.0,14.0,0.5,False
300,2011-02-24,1.0,6.0,0.0,7.0,0.8571428571428571,True
301,2011-02-25,2.0,3.0,0.0,5.0,0.6,True
302,2011-02-26,0.0,2.0,0.0,2.0,1.0,False
303,2011-02-27,1.0,0.0,0.0,1.0,0.0,False
304,2011-02-28,2.0,0.0,0.0,2.0,0.0,False
305,2011-03-01,1.0,5.0,0.0,6.0,0.8333333333333334,False
306,2011-03-02,1.0,4.0,1.0,6.0,0.6666666666666666,False
307,2011-03-03,0.0,2.0,0.0,2.0,1.0,False
308,2011-03-04,0.0,1.0,0.0,1.0,1.0,False
309,2011-03-06,1.0,1.0,0.0,2.0,0.5,False
310,2011-03-07,1.0,3.0,0.0,4.0,0.75,False
311,2011-03-08,0.0,2.0,0.0,2.0,1.0,False
312,2011-03-10,0.0,2.0,0.0,2.0,1.0,False
313,2011-03-11,0.0,0.0,1.0,1.0,0.0,False
314,2011-03-14,1.0,0.0,0.0,1.0,0.0,True
315,2011-03-15,0.0,7.0,1.0,8.0,0.875,True
316,2011-03-16,0.0,2.0,0.0,2.0,1.0,True
317,2011-03-17,1.0,3.0,2.0,6.0,0.5,True
318,2011-03-18,1.0,4.0,3.0,8.0,0.5,True
319,2011-03-21,2.0,6.0,0.0,8.0,0.75,True
320,2011-03-22,2.0,8.0,0.0,10.0,0.8,False
321,2011-03-23,4.0,7.0,4.0,15.0,0.4666666666666667,True
322,2011-03-24,4.0,4.0,5.0,13.0,0.3076923076923077,True
323,2011-03-25,2.0,2.0,1.0,5.0,0.4,True
324,2011-03-28,2.0,10.0,0.0,12.0,0.8333333333333334,False
325,2011-03-29,0.0,4.0,1.0,5.0,0.8,True
326,2011-03-30,4.0,4.0,1.0,9.0,0.4444444444444444,True
327,2011-03-31,6.0,2.0,0.0,8.0,0.25,False
328,2011-04-01,1.0,1.0,0.0,2.0,0.5,False
329,2011-04-03,0.0,2.0,0.0,2.0,1.0,False
330,2011-04-04,1.0,2.0,0.0,3.0,0.6666666666666666,True
331,2011-04-05,2.0,2.0,0.0,4.0,0.5,True
332,2011-04-06,1.0,5.0,0.0,6.0,0.8333333333333334,False
333,2011-04-07,2.0,0.0,0.0,2.0,0.0,False
334,2011-04-08,0.0,1.0,0.0,1.0,1.0,False
335,2011-04-09,0.0,1.0,0.0,1.0,1.0,False
336,2011-04-11,0.0,3.0,0.0,3.0,1.0,False
337,2011-04-12,1.0,0.0,0.0,1.0,0.0,False
338,2011-04-13,1.0,2.0,0.0,3.0,0.6666666666666666,False
339,2011-04-14,1.0,0.0,1.0,2.0,0.0,False
340,2011-04-18,1.0,3.0,0.0,4.0,0.75,False
341,2011-04-19,0.0,2.0,0.0,2.0,1.0,False
342,2011-04-20,0.0,5.0,4.0,9.0,0.5555555555555556,False
343,2011-04-21,2.0,5.0,1.0,8.0,0.625,False
344,2011-04-22,0.0,2.0,1.0,3.0,0.6666666666666666,False
345,2011-04-23,0.0,0.0,1.0,1.0,0.0,False
346,2011-04-24,0.0,1.0,0.0,1.0,1.0,False
347,2011-04-25,1.0,0.0,0.0,1.0,0.0,False
348,2011-04-27,0.0,0.0,2.0,2.0,0.0,False
349,2011-04-28,10.0,8.0,2.0,20.0,0.4,False
350,2011-04-29,1.0,3.0,1.0,5.0,0.6,False
351,2011-05-02,0.0,5.0,2.0,7.0,0.7142857142857143,True
352,2011-05-03,1.0,2.0,0.0,3.0,0.6666666666666666,False
353,2011-05-04,1.0,5.0,0.0,6.0,0.8333333333333334,True
354,2011-05-05,0.0,4.0,0.0,4.0,1.0,True
355,2011-05-06,1.0,0.0,0.0,1.0,0.0,False
356,2011-05-08,0.0,1.0,0.0,1.0,1.0,False
357,2011-05-09,1.0,2.0,0.0,3.0,0.6666666666666666,False
358,2011-05-10,1.0,2.0,0.0,3.0,0.6666666666666666,False
359,2011-05-11,0.0,1.0,2.0,3.0,0.3333333333333333,True
360,2011-05-12,4.0,2.0,1.0,7.0,0.2857142857142857,True
361,2011-05-13,2.0,2.0,1.0,5.0,0.4,False
362,2011-05-14,2.0,3.0,0.0,5.0,0.6,False
363,2011-05-16,1.0,2.0,0.0,3.0,0.6666666666666666,False
364,2011-05-17,4.0,2.0,0.0,6.0,0.3333333333333333,False
365,2011-05-18,3.0,4.0,1.0,8.0,0.5,False
366,2011-05-19,4.0,1.0,1.0,6.0,0.16666666666666666,False
367,2011-05-20,2.0,3.0,1.0,6.0,0.5,False
368,2011-05-21,0.0,3.0,1.0,4.0,0.75,False
369,2011-05-22,0.0,3.0,0.0,3.0,1.0,False
370,2011-05-23,4.0,3.0,0.0,7.0,0.42857142857142855,False
371,2011-05-24,2.0,3.0,0.0,5.0,0.6,False
372,2011-05-25,4.0,5.0,5.0,14.0,0.35714285714285715,False
373,2011-05-26,1.0,3.0,1.0,5.0,0.6,False
374,2011-05-27,0.0,3.0,0.0,3.0,1.0,False
375,2011-05-28,0.0,1.0,0.0,1.0,1.0,False
376,2011-05-29,0.0,3.0,1.0,4.0,0.75,False
377,2011-05-31,4.0,5.0,5.0,14.0,0.35714285714285715,True
378,2011-06-01,1.0,8.0,5.0,14.0,0.5714285714285714,True
379,2011-06-02,2.0,3.0,3.0,8.0,0.375,False
380,2011-06-03,0.0,1.0,1.0,2.0,0.5,False
381,2011-06-04,3.0,1.0,2.0,6.0,0.16666666666666666,True
382,2011-06-05,2.0,5.0,2.0,9.0,0.5555555555555556,True
383,2011-06-06,0.0,2.0,3.0,5.0,0.4,True
384,2011-06-07,2.0,2.0,1.0,5.0,0.4,True
385,2011-06-08,0.0,5.0,1.0,6.0,0.8333333333333334,True
386,2011-06-09,0.0,3.0,0.0,3.0,1.0,True
387,2011-06-10,0.0,0.0,2.0,2.0,0.0,False
388,2011-06-12,1.0,0.0,0.0,1.0,0.0,False
389,2011-06-13,2.0,0.0,0.0,2.0,0.0,False
390,2011-06-14,2.0,2.0,1.0,5.0,0.4,False
391,2011-06-16,0.0,3.0,1.0,4.0,0.75,True
392,2011-06-17,2.0,2.0,1.0,5.0,0.4,True
393,2011-06-21,1.0,0.0,0.0,1.0,0.0,False
394,2011-06-22,0.0,0.0,1.0,1.0,0.0,False
395,2011-06-25,1.0,0.0,0.0,1.0,0.0,False
396,2011-06-27,2.0,2.0,3.0,7.0,0.2857142857142857,False
397,2011-06-28,1.0,0.0,0.0,1.0,0.0,False
398,2011-06-30,0.0,1.0,0.0,1.0,1.0,False
399,2011-07-01,2.0,0.0,1.0,3.0,0.0,False
400,2011-07-03,1.0,1.0,0.0,2.0,0.5,False
401,2011-07-04,7.0,0.0,1.0,8.0,0.0,False
402,2011-07-05,3.0,6.0,2.0,11.0,0.5454545454545454,False
403,2011-07-06,1.0,9.0,0.0,10.0,0.9,False
404,2011-07-07,2.0,7.0,0.0,9.0,0.7777777777777778,False
405,2011-07-10,2.0,1.0,0.0,3.0,0.3333333333333333,False
406,2011-07-12,0.0,5.0,0.0,5.0,1.0,False
407,2011-07-13,3.0,0.0,0.0,3.0,0.0,False
408,2011-07-14,0.0,5.0,0.0,5.0,1.0,False
409,2011-07-15,4.0,4.0,0.0,8.0,0.5,False
410,2011-07-17,3.0,6.0,0.0,9.0,0.6666666666666666,False
411,2011-07-18,0.0,2.0,0.0,2.0,1.0,False
412,2011-07-19,2.0,3.0,0.0,5.0,0.6,False
413,2011-07-20,0.0,0.0,1.0,1.0,0.0,False
414,2011-07-22,0.0,1.0,0.0,1.0,1.0,True
415,2011-07-25,0.0,0.0,1.0,1.0,0.0,False
416,2011-07-26,1.0,1.0,0.0,2.0,0.5,False
417,2011-07-27,0.0,1.0,0.0,1.0,1.0,False
418,2011-07-28,1.0,0.0,0.0,1.0,0.0,False
419,2011-07-29,0.0,1.0,0.0,1.0,1.0,False
420,2011-07-30,1.0,1.0,0.0,2.0,0.5,False
421,2011-07-31,1.0,0.0,0.0,1.0,0.0,False
422,2011-08-01,1.0,1.0,0.0,2.0,0.5,False
423,2011-08-02,0.0,2.0,0.0,2.0,1.0,False
424,2011-08-03,0.0,2.0,0.0,2.0,1.0,False
425,2011-08-05,0.0,0.0,1.0,1.0,0.0,False
426,2011-08-06,1.0,1.0,0.0,2.0,0.5,False
427,2011-08-08,5.0,1.0,0.0,6.0,0.16666666666666666,False
428,2011-08-09,0.0,2.0,0.0,2.0,1.0,False
429,2011-08-10,0.0,2.0,0.0,2.0,1.0,False
430,2011-08-11,0.0,1.0,0.0,1.0,1.0,False
431,2011-08-14,2.0,4.0,0.0,6.0,0.6666666666666666,True
432,2011-08-15,2.0,4.0,0.0,6.0,0.6666666666666666,True
433,2011-08-16,1.0,1.0,0.0,2.0,0.5,False
434,2011-08-17,3.0,9.0,0.0,12.0,0.75,False
435,2011-08-18,2.0,4.0,0.0,6.0,0.6666666666666666,False
436,2011-08-19,0.0,4.0,0.0,4.0,1.0,False
437,2011-08-20,0.0,3.0,1.0,4.0,0.75,False
438,2011-08-22,1.0,0.0,0.0,1.0,0.0,False
439,2011-08-24,2.0,0.0,0.0,2.0,0.0,True
440,2011-08-25,4.0,0.0,1.0,5.0,0.0,False
441,2011-08-27,0.0,1.0,0.0,1.0,1.0,False
442,2011-08-28,1.0,3.0,0.0,4.0,0.75,False
443,2011-08-29,0.0,1.0,0.0,1.0,1.0,False
444,2011-08-30,1.0,1.0,0.0,2.0,0.5,False
445,2011-08-31,1.0,0.0,0.0,1.0,0.0,True
446,2011-09-01,0.0,6.0,1.0,7.0,0.8571428571428571,True
447,2011-09-02,1.0,2.0,0.0,3.0,0.6666666666666666,False
448,2011-09-03,1.0,1.0,0.0,2.0,0.5,False
449,2011-09-04,3.0,1.0,0.0,4.0,0.25,False
450,2011-09-05,6.0,4.0,0.0,10.0,0.4,False
451,2011-09-06,0.0,1.0,2.0,3.0,0.3333333333333333,True
452,2011-09-07,2.0,3.0,1.0,6.0,0.5,True
453,2011-09-08,1.0,1.0,2.0,4.0,0.25,False
454,2011-09-09,0.0,1.0,1.0,2.0,0.5,False
455,2011-09-11,1.0,3.0,0.0,4.0,0.75,False
456,2011-09-12,0.0,0.0,1.0,1.0,0.0,False
457,2011-09-13,0.0,0.0,1.0,1.0,0.0,False
458,2011-09-14,0.0,1.0,0.0,1.0,1.0,True
459,2011-09-15,0.0,9.0,0.0,9.0,1.0,True
460,2011-09-19,0.0,1.0,1.0,2.0,0.5,False
461,2011-09-20,0.0,2.0,0.0,2.0,1.0,False
462,2011-09-21,4.0,1.0,0.0,5.0,0.2,False
463,2011-09-22,0.0,3.0,1.0,4.0,0.75,False
464,2011-09-23,1.0,1.0,0.0,2.0,0.5,False
465,2011-09-25,2.0,0.0,0.0,2.0,0.0,False
466,2011-09-28,0.0,4.0,0.0,4.0,1.0,False
467,2011-09-29,2.0,2.0,0.0,4.0,0.5,False
468,2011-09-30,2.0,2.0,0.0,4.0,0.5,False
469,2011-10-04,0.0,0.0,2.0,2.0,0.0,False
470,2011-10-08,1.0,2.0,0.0,3.0,0.6666666666666666,False
471,2011-10-10,0.0,1.0,0.0,1.0,1.0,False
472,2011-10-11,0.0,1.0,0.0,1.0,1.0,False
473,2011-10-14,4.0,4.0,1.0,9.0,0.4444444444444444,False
474,2011-10-15,0.0,0.0,1.0,1.0,0.0,False
475,2011-10-16,1.0,0.0,0.0,1.0,0.0,False
476,2011-10-17,0.0,1.0,0.0,1.0,1.0,False
477,2011-10-18,0.0,2.0,0.0,2.0,1.0,True
478,2011-10-20,1.0,2.0,0.0,3.0,0.6666666666666666,False
479,2011-10-21,0.0,1.0,0.0,1.0,1.0,False
480,2011-10-22,1.0,3.0,0.0,4.0,0.75,False
481,2011-10-25,1.0,1.0,0.0,2.0,0.5,False
482,2011-10-26,2.0,0.0,0.0,2.0,0.0,False
483,2011-10-27,1.0,6.0,1.0,8.0,0.75,False
484,2011-10-28,0.0,2.0,1.0,3.0,0.6666666666666666,False
485,2011-10-30,2.0,1.0,0.0,3.0,0.3333333333333333,False
486,2011-10-31,0.0,1.0,0.0,1.0,1.0,False
487,2011-11-02,2.0,2.0,0.0,4.0,0.5,False
488,2011-11-03,1.0,2.0,0.0,3.0,0.6666666666666666,False
489,2011-11-04,2.0,1.0,0.0,3.0,0.3333333333333333,False
490,2011-11-06,1.0,0.0,0.0,1.0,0.0,False
491,2011-11-07,5.0,2.0,0.0,7.0,0.2857142857142857,False
492,2011-11-08,0.0,1.0,0.0,1.0,1.0,False
493,2011-11-09,1.0,11.0,0.0,12.0,0.9166666666666666,False
494,2011-11-10,2.0,2.0,0.0,4.0,0.5,True
495,2011-11-11,3.0,4.0,0.0,7.0,0.5714285714285714,True
496,2011-11-12,3.0,6.0,0.0,9.0,0.6666666666666666,False
497,2011-11-13,0.0,1.0,0.0,1.0,1.0,True
498,2011-11-14,2.0,1.0,0.0,3.0,0.3333333333333333,True
499,2011-11-15,3.0,4.0,0.0,7.0,0.5714285714285714,True
500,2011-11-16,1.0,2.0,0.0,3.0,0.6666666666666666,True
501,2011-11-17,1.0,4.0,0.0,5.0,0.8,True
502,2011-11-18,4.0,4.0,3.0,11.0,0.3636363636363637,False
503,2011-11-21,0.0,3.0,0.0,3.0,1.0,True
504,2011-11-22,5.0,1.0,0.0,6.0,0.16666666666666666,True
505,2011-11-23,1.0,3.0,0.0,4.0,0.75,True
506,2011-11-25,1.0,1.0,0.0,2.0,0.5,False
507,2011-11-26,0.0,0.0,1.0,1.0,0.0,False
508,2011-11-27,1.0,0.0,0.0,1.0,0.0,False
509,2011-11-28,0.0,1.0,0.0,1.0,1.0,False
510,2011-11-29,2.0,5.0,0.0,7.0,0.7142857142857143,False
511,2011-11-30,10.0,5.0,0.0,15.0,0.3333333333333333,False
512,2011-12-01,2.0,3.0,4.0,9.0,0.3333333333333333,False
513,2011-12-02,0.0,2.0,1.0,3.0,0.6666666666666666,False
514,2011-12-03,0.0,1.0,1.0,2.0,0.5,False
515,2011-12-04,0.0,3.0,0.0,3.0,1.0,False
516,2011-12-05,0.0,3.0,1.0,4.0,0.75,False
517,2011-12-06,0.0,0.0,2.0,2.0,0.0,False
518,2011-12-07,0.0,1.0,1.0,2.0,0.5,False
519,2011-12-08,0.0,1.0,0.0,1.0,1.0,False
520,2011-12-09,3.0,0.0,0.0,3.0,0.0,False
521,2011-12-10,0.0,3.0,0.0,3.0,1.0,False
522,2011-12-11,0.0,1.0,0.0,1.0,1.0,False
523,2011-12-12,0.0,3.0,3.0,6.0,0.5,False
524,2011-12-13,0.0,2.0,0.0,2.0,1.0,False
525,2011-12-14,0.0,3.0,3.0,6.0,0.5,False
526,2011-12-15,0.0,1.0,1.0,2.0,0.5,False
527,2011-12-16,0.0,2.0,2.0,4.0,0.5,False
528,2011-12-19,1.0,1.0,0.0,2.0,0.5,False
529,2011-12-20,0.0,1.0,0.0,1.0,1.0,False
530,2011-12-22,0.0,1.0,1.0,2.0,0.5,True
531,2011-12-23,0.0,1.0,0.0,1.0,1.0,True
532,2011-12-26,0.0,1.0,0.0,1.0,1.0,False
533,2011-12-27,0.0,1.0,0.0,1.0,1.0,False
534,2011-12-30,1.0,0.0,1.0,2.0,0.0,False
535,2011-12-31,1.0,0.0,0.0,1.0,0.0,False
536,2012-01-02,1.0,0.0,0.0,1.0,0.0,False
537,2012-01-03,1.0,1.0,0.0,2.0,0.5,False
538,2012-01-04,1.0,1.0,0.0,2.0,0.5,False
539,2012-01-05,1.0,1.0,0.0,2.0,0.5,False
540,2012-01-06,0.0,1.0,0.0,1.0,1.0,False
541,2012-01-07,2.0,2.0,0.0,4.0,0.5,True
542,2012-01-08,1.0,0.0,0.0,1.0,0.0,True
543,2012-01-09,1.0,0.0,0.0,1.0,0.0,False
544,2012-01-11,1.0,1.0,0.0,2.0,0.5,False
545,2012-01-12,3.0,0.0,1.0,4.0,0.0,False
546,2012-01-13,1.0,3.0,0.0,4.0,0.75,False
547,2012-01-14,5.0,4.0,1.0,10.0,0.4,False
548,2012-01-15,1.0,1.0,0.0,2.0,0.5,False
549,2012-01-16,1.0,3.0,1.0,5.0,0.6,False
550,2012-01-17,3.0,3.0,1.0,7.0,0.42857142857142855,False
551,2012-01-18,1.0,1.0,0.0,2.0,0.5,False
552,2012-01-19,0.0,2.0,0.0,2.0,1.0,False
553,2012-01-20,2.0,4.0,0.0,6.0,0.6666666666666666,False
554,2012-01-21,5.0,0.0,0.0,5.0,0.0,True
555,2012-01-22,2.0,0.0,0.0,2.0,0.0,True
556,2012-01-23,1.0,0.0,0.0,1.0,0.0,False
557,2012-01-24,2.0,4.0,0.0,6.0,0.6666666666666666,False
558,2012-01-25,4.0,1.0,0.0,5.0,0.2,True
559,2012-01-26,4.0,0.0,2.0,6.0,0.0,True
560,2012-01-29,0.0,1.0,1.0,2.0,0.5,False
561,2012-01-30,11.0,1.0,15.0,27.0,0.037037037037037035,False
562,2012-01-31,0.0,1.0,2.0,3.0,0.3333333333333333,False
563,2012-02-01,0.0,1.0,0.0,1.0,1.0,False
564,2012-02-02,3.0,0.0,3.0,6.0,0.0,False
565,2012-02-03,1.0,2.0,1.0,4.0,0.5,False
566,2012-02-05,1.0,0.0,0.0,1.0,0.0,False
567,2012-02-08,1.0,0.0,0.0,1.0,0.0,False
568,2012-02-09,0.0,2.0,0.0,2.0,1.0,False
569,2012-02-11,4.0,0.0,2.0,6.0,0.0,True
570,2012-02-12,0.0,2.0,0.0,2.0,1.0,True
571,2012-02-13,0.0,3.0,0.0,3.0,1.0,True
572,2012-02-15,0.0,4.0,0.0,4.0,1.0,True
573,2012-02-16,0.0,3.0,0.0,3.0,1.0,True
574,2012-02-17,1.0,2.0,0.0,3.0,0.6666666666666666,True
575,2012-02-19,1.0,5.0,1.0,7.0,0.7142857142857143,False
576,2012-02-20,1.0,2.0,0.0,3.0,0.6666666666666666,False
577,2012-02-21,1.0,1.0,0.0,2.0,0.5,False
578,2012-02-22,2.0,2.0,0.0,4.0,0.5,False
579,2012-02-23,1.0,1.0,0.0,2.0,0.5,False
580,2012-02-25,0.0,1.0,0.0,1.0,1.0,False
581,2012-02-26,6.0,5.0,0.0,11.0,0.4545454545454545,False
582,2012-02-27,2.0,1.0,0.0,3.0,0.3333333333333333,False
583,2012-02-28,2.0,2.0,0.0,4.0,0.5,False
584,2012-02-29,1.0,1.0,0.0,2.0,0.5,False
585,2012-03-01,1.0,2.0,0.0,3.0,0.6666666666666666,False
586,2012-03-02,0.0,2.0,0.0,2.0,1.0,False
587,2012-03-05,0.0,2.0,0.0,2.0,1.0,False
588,2012-03-06,1.0,5.0,0.0,6.0,0.8333333333333334,False
589,2012-03-07,0.0,1.0,0.0,1.0,1.0,False
590,2012-03-09,1.0,3.0,0.0,4.0,0.75,False
591,2012-03-10,1.0,3.0,0.0,4.0,0.75,False
592,2012-03-11,0.0,1.0,0.0,1.0,1.0,False
593,2012-03-12,1.0,1.0,1.0,3.0,0.3333333333333333,False
594,2012-03-13,3.0,1.0,0.0,4.0,0.25,False
595,2012-03-14,3.0,1.0,0.0,4.0,0.25,False
596,2012-03-15,2.0,2.0,0.0,4.0,0.5,False
597,2012-03-16,1.0,2.0,0.0,3.0,0.6666666666666666,True
598,2012-03-17,0.0,1.0,1.0,2.0,0.5,True
599,2012-03-19,1.0,0.0,1.0,2.0,0.0,False
600,2012-03-20,1.0,1.0,0.0,2.0,0.5,False
601,2012-03-21,2.0,0.0,0.0,2.0,0.0,True
602,2012-03-22,2.0,0.0,0.0,2.0,0.0,True
603,2012-03-23,0.0,2.0,0.0,2.0,1.0,False
604,2012-03-25,3.0,0.0,1.0,4.0,0.0,False
605,2012-03-26,1.0,0.0,0.0,1.0,0.0,False
606,2012-03-30,1.0,0.0,0.0,1.0,0.0,False
607,2012-03-31,3.0,0.0,0.0,3.0,0.0,False
608,2012-04-01,2.0,0.0,0.0,2.0,0.0,False
609,2012-04-02,2.0,3.0,0.0,5.0,0.6,False
610,2012-04-03,1.0,2.0,1.0,4.0,0.5,False
611,2012-04-05,1.0,0.0,0.0,1.0,0.0,True
612,2012-04-07,0.0,1.0,0.0,1.0,1.0,False
613,2012-04-16,0.0,2.0,0.0,2.0,1.0,False
614,2012-04-17,1.0,0.0,0.0,1.0,0.0,False
615,2012-04-18,1.0,2.0,0.0,3.0,0.6666666666666666,False
616,2012-04-19,1.0,0.0,0.0,1.0,0.0,False
617,2012-04-20,0.0,1.0,0.0,1.0,1.0,False
618,2012-04-22,1.0,0.0,0.0,1.0,0.0,False
619,2012-04-23,1.0,2.0,0.0,3.0,0.6666666666666666,False
620,2012-04-25,1.0,0.0,0.0,1.0,0.0,False
621,2012-04-26,1.0,1.0,4.0,6.0,0.16666666666666666,False
622,2012-04-27,0.0,2.0,0.0,2.0,1.0,False
623,2012-04-29,0.0,1.0,0.0,1.0,1.0,True
624,2012-04-30,1.0,1.0,0.0,2.0,0.5,True
625,2012-05-01,0.0,0.0,1.0,1.0,0.0,False
626,2012-05-03,1.0,2.0,0.0,3.0,0.6666666666666666,False
627,2012-05-07,1.0,3.0,0.0,4.0,0.75,False
628,2012-05-09,5.0,1.0,1.0,7.0,0.14285714285714285,False
629,2012-05-11,4.0,24.0,1.0,29.0,0.8275862068965517,False
630,2012-05-14,0.0,1.0,0.0,1.0,1.0,False
631,2012-05-16,2.0,2.0,0.0,4.0,0.5,False
632,2012-05-17,1.0,0.0,0.0,1.0,0.0,False
633,2012-05-18,1.0,1.0,0.0,2.0,0.5,False
634,2012-05-19,1.0,0.0,0.0,1.0,0.0,False
635,2012-05-20,0.0,1.0,0.0,1.0,1.0,False
636,2012-05-21,2.0,4.0,0.0,6.0,0.6666666666666666,False
637,2012-05-23,0.0,2.0,2.0,4.0,0.5,False
638,2012-05-24,0.0,0.0,1.0,1.0,0.0,False
639,2012-05-25,0.0,0.0,2.0,2.0,0.0,False
640,2012-05-29,0.0,0.0,2.0,2.0,0.0,True
641,2012-05-30,1.0,2.0,5.0,8.0,0.25,True
642,2012-05-31,0.0,3.0,1.0,4.0,0.75,False
643,2012-06-01,0.0,0.0,1.0,1.0,0.0,False
644,2012-06-02,0.0,1.0,2.0,3.0,0.3333333333333333,False
645,2012-06-03,1.0,0.0,0.0,1.0,0.0,False
646,2012-06-04,5.0,1.0,1.0,7.0,0.14285714285714285,False
647,2012-06-05,0.0,3.0,1.0,4.0,0.75,True
648,2012-06-06,2.0,7.0,1.0,10.0,0.7,True
649,2012-06-08,0.0,1.0,0.0,1.0,1.0,False
650,2012-06-09,1.0,0.0,0.0,1.0,0.0,False
651,2012-06-10,1.0,2.0,1.0,4.0,0.5,False
652,2012-06-11,1.0,0.0,1.0,2.0,0.0,False
653,2012-06-12,1.0,4.0,1.0,6.0,0.6666666666666666,True
654,2012-06-13,0.0,3.0,0.0,3.0,1.0,True
655,2012-06-14,0.0,3.0,0.0,3.0,1.0,False
656,2012-06-16,0.0,0.0,1.0,1.0,0.0,False
657,2012-06-19,0.0,0.0,1.0,1.0,0.0,False
658,2012-06-22,0.0,8.0,0.0,8.0,1.0,False
659,2012-06-25,0.0,0.0,1.0,1.0,0.0,True
660,2012-06-26,0.0,1.0,0.0,1.0,1.0,True
661,2012-06-28,0.0,3.0,0.0,3.0,1.0,False
662,2012-07-02,1.0,3.0,0.0,4.0,0.75,False
663,2012-07-03,3.0,2.0,0.0,5.0,0.4,False
664,2012-07-04,0.0,2.0,0.0,2.0,1.0,False
665,2012-07-06,0.0,1.0,0.0,1.0,1.0,False
666,2012-07-08,0.0,0.0,1.0,1.0,0.0,False
667,2012-07-12,0.0,1.0,1.0,2.0,0.5,False
668,2012-07-15,1.0,1.0,0.0,2.0,0.5,True
669,2012-07-16,0.0,7.0,0.0,7.0,1.0,True
670,2012-07-18,0.0,1.0,0.0,1.0,1.0,False
671,2012-07-19,1.0,0.0,1.0,2.0,0.0,False
672,2012-07-24,0.0,1.0,0.0,1.0,1.0,False
673,2012-07-26,0.0,1.0,0.0,1.0,1.0,False
674,2012-08-05,0.0,1.0,0.0,1.0,1.0,False
675,2012-08-06,4.0,0.0,0.0,4.0,0.0,False
676,2012-08-07,1.0,0.0,1.0,2.0,0.0,False
677,2012-08-08,2.0,1.0,0.0,3.0,0.3333333333333333,False
678,2012-08-09,1.0,1.0,0.0,2.0,0.5,False
679,2012-08-12,1.0,2.0,0.0,3.0,0.6666666666666666,False
680,2012-08-15,1.0,0.0,0.0,1.0,0.0,False
681,2012-08-17,1.0,0.0,1.0,2.0,0.0,True
682,2012-08-20,1.0,0.0,0.0,1.0,0.0,True
683,2012-08-21,1.0,2.0,0.0,3.0,0.6666666666666666,False
684,2012-08-22,2.0,1.0,0.0,3.0,0.3333333333333333,False
685,2012-08-23,0.0,1.0,0.0,1.0,1.0,False
686,2012-08-24,0.0,1.0,0.0,1.0,1.0,False
687,2012-08-26,2.0,0.0,0.0,2.0,0.0,False
688,2012-08-27,0.0,2.0,2.0,4.0,0.5,False
689,2012-08-28,1.0,1.0,0.0,2.0,0.5,False
690,2012-08-29,0.0,3.0,0.0,3.0,1.0,False
691,2012-08-30,1.0,1.0,0.0,2.0,0.5,True
692,2012-08-31,1.0,1.0,0.0,2.0,0.5,True
693,2012-09-01,2.0,2.0,0.0,4.0,0.5,False
694,2012-09-02,1.0,0.0,0.0,1.0,0.0,False
695,2012-09-03,2.0,2.0,0.0,4.0,0.5,False
696,2012-09-04,1.0,1.0,0.0,2.0,0.5,False
697,2012-09-05,2.0,7.0,0.0,9.0,0.7777777777777778,False
698,2012-09-06,1.0,2.0,0.0,3.0,0.6666666666666666,True
699,2012-09-07,0.0,3.0,0.0,3.0,1.0,True
700,2012-09-08,0.0,1.0,1.0,2.0,0.5,False
701,2012-09-10,1.0,0.0,1.0,2.0,0.0,False
702,2012-09-13,0.0,1.0,0.0,1.0,1.0,False
703,2012-09-16,0.0,3.0,0.0,3.0,1.0,False
704,2012-09-17,1.0,0.0,1.0,2.0,0.0,False
705,2012-09-18,0.0,1.0,0.0,1.0,1.0,True
706,2012-09-19,0.0,5.0,0.0,5.0,1.0,True
707,2012-09-20,1.0,0.0,0.0,1.0,0.0,False
708,2012-09-25,0.0,2.0,0.0,2.0,1.0,False
709,2012-09-27,0.0,2.0,0.0,2.0,1.0,False
710,2012-09-28,0.0,1.0,0.0,1.0,1.0,False
711,2012-10-01,0.0,2.0,0.0,2.0,1.0,False
712,2012-10-02,0.0,2.0,0.0,2.0,1.0,False
713,2012-10-05,0.0,1.0,0.0,1.0,1.0,False
714,2012-10-06,2.0,1.0,0.0,3.0,0.3333333333333333,False
715,2012-10-08,1.0,2.0,0.0,3.0,0.6666666666666666,False
716,2012-10-09,0.0,3.0,0.0,3.0,1.0,False
717,2012-10-16,0.0,1.0,0.0,1.0,1.0,False
718,2012-10-17,1.0,0.0,0.0,1.0,0.0,False
719,2012-10-18,1.0,1.0,1.0,3.0,0.3333333333333333,False
720,2012-10-19,0.0,1.0,0.0,1.0,1.0,False
721,2012-10-24,1.0,1.0,1.0,3.0,0.3333333333333333,True
722,2012-10-27,1.0,0.0,0.0,1.0,0.0,False
723,2012-10-28,0.0,3.0,0.0,3.0,1.0,False
724,2012-10-29,0.0,1.0,0.0,1.0,1.0,False
725,2012-10-30,0.0,3.0,0.0,3.0,1.0,False
726,2012-10-31,0.0,3.0,0.0,3.0,1.0,True
727,2012-11-01,0.0,2.0,0.0,2.0,1.0,True
728,2012-11-02,0.0,1.0,0.0,1.0,1.0,False
729,2012-11-04,1.0,1.0,0.0,2.0,0.5,False
730,2012-11-05,2.0,1.0,0.0,3.0,0.3333333333333333,True
731,2012-11-06,0.0,1.0,1.0,2.0,0.5,True
732,2012-11-08,0.0,2.0,0.0,2.0,1.0,False
733,2012-11-09,1.0,4.0,0.0,5.0,0.8,False
734,2012-11-10,0.0,1.0,0.0,1.0,1.0,False
735,2012-11-11,0.0,1.0,0.0,1.0,1.0,False
736,2012-11-12,1.0,1.0,1.0,3.0,0.3333333333333333,False
737,2012-11-14,2.0,1.0,0.0,3.0,0.3333333333333333,False
738,2012-11-15,0.0,5.0,0.0,5.0,1.0,False
739,2012-11-16,0.0,2.0,1.0,3.0,0.6666666666666666,False
740,2012-11-19,1.0,0.0,0.0,1.0,0.0,False
741,2012-11-22,1.0,3.0,0.0,4.0,0.75,False
742,2012-11-23,0.0,1.0,0.0,1.0,1.0,False
743,2012-11-24,0.0,0.0,1.0,1.0,0.0,False
744,2012-11-25,1.0,0.0,1.0,2.0,0.0,False
745,2012-11-26,1.0,3.0,1.0,5.0,0.6,False
746,2012-11-27,0.0,2.0,0.0,2.0,1.0,False
747,2012-11-28,1.0,3.0,0.0,4.0,0.75,False
748,2012-11-29,1.0,0.0,0.0,1.0,0.0,False
749,2012-11-30,0.0,1.0,0.0,1.0,1.0,False
750,2012-12-01,2.0,0.0,0.0,2.0,0.0,False
751,2012-12-02,1.0,0.0,0.0,1.0,0.0,True
752,2012-12-03,0.0,0.0,1.0,1.0,0.0,True
753,2012-12-04,0.0,2.0,0.0,2.0,1.0,False
754,2012-12-05,4.0,6.0,0.0,10.0,0.6,True
755,2012-12-06,0.0,1.0,0.0,1.0,1.0,True
756,2012-12-08,0.0,1.0,3.0,4.0,0.25,False
757,2012-12-09,3.0,1.0,1.0,5.0,0.2,False
758,2012-12-11,0.0,0.0,2.0,2.0,0.0,True
759,2012-12-13,0.0,1.0,1.0,2.0,0.5,True
760,2012-12-14,0.0,0.0,1.0,1.0,0.0,False
761,2012-12-15,0.0,1.0,0.0,1.0,1.0,False
762,2012-12-16,1.0,5.0,2.0,8.0,0.625,False
763,2012-12-19,1.0,6.0,0.0,7.0,0.8571428571428571,True
764,2012-12-20,0.0,1.0,2.0,3.0,0.3333333333333333,True
765,2012-12-21,1.0,4.0,0.0,5.0,0.8,False
766,2012-12-22,1.0,0.0,0.0,1.0,0.0,False
767,2012-12-24,2.0,0.0,0.0,2.0,0.0,False
768,2012-12-25,0.0,1.0,1.0,2.0,0.5,False
769,2012-12-27,0.0,0.0,2.0,2.0,0.0,False
770,2012-12-30,0.0,1.0,0.0,1.0,1.0,False
771,2013-01-03,2.0,2.0,0.0,4.0,0.5,False
772,2013-01-05,0.0,3.0,0.0,3.0,1.0,False
773,2013-01-06,1.0,0.0,0.0,1.0,0.0,False
774,2013-01-07,1.0,0.0,0.0,1.0,0.0,False
775,2013-01-08,0.0,1.0,0.0,1.0,1.0,False
776,2013-01-10,1.0,0.0,0.0,1.0,0.0,False
777,2013-01-11,4.0,4.0,0.0,8.0,0.5,False
778,2013-01-12,1.0,1.0,0.0,2.0,0.5,False
779,2013-01-13,1.0,0.0,0.0,1.0,0.0,False
780,2013-01-14,2.0,1.0,0.0,3.0,0.3333333333333333,False
781,2013-01-15,2.0,0.0,0.0,2.0,0.0,False
782,2013-01-16,2.0,1.0,0.0,3.0,0.3333333333333333,False
783,2013-01-17,0.0,1.0,1.0,2.0,0.5,False
784,2013-01-18,3.0,1.0,0.0,4.0,0.25,False
785,2013-01-19,1.0,0.0,0.0,1.0,0.0,False
786,2013-01-20,2.0,1.0,0.0,3.0,0.3333333333333333,False
787,2013-01-21,1.0,0.0,1.0,2.0,0.0,False
788,2013-01-22,0.0,2.0,0.0,2.0,1.0,True
789,2013-01-23,0.0,0.0,1.0,1.0,0.0,True
790,2013-01-24,0.0,1.0,0.0,1.0,1.0,False
791,2013-01-26,3.0,1.0,0.0,4.0,0.25,False
792,2013-01-27,2.0,1.0,1.0,4.0,0.25,False
793,2013-01-28,0.0,2.0,0.0,2.0,1.0,False
794,2013-01-29,0.0,2.0,0.0,2.0,1.0,False
795,2013-01-30,3.0,0.0,0.0,3.0,0.0,False
796,2013-01-31,0.0,2.0,0.0,2.0,1.0,False
797,2013-02-01,2.0,3.0,0.0,5.0,0.6,False
798,2013-02-02,0.0,2.0,1.0,3.0,0.6666666666666666,False
799,2013-02-03,1.0,1.0,0.0,2.0,0.5,False
800,2013-02-06,2.0,4.0,2.0,8.0,0.5,False
801,2013-02-07,0.0,1.0,1.0,2.0,0.5,False
802,2013-02-08,0.0,0.0,2.0,2.0,0.0,False
803,2013-02-11,1.0,3.0,1.0,5.0,0.6,False
804,2013-02-12,2.0,2.0,0.0,4.0,0.5,True
805,2013-02-13,2.0,5.0,2.0,9.0,0.5555555555555556,True
806,2013-02-14,0.0,1.0,3.0,4.0,0.25,False
807,2013-02-15,0.0,0.0,1.0,1.0,0.0,False
808,2013-02-16,0.0,1.0,1.0,2.0,0.5,False
809,2013-02-17,0.0,1.0,0.0,1.0,1.0,False
810,2013-02-19,0.0,1.0,0.0,1.0,1.0,False
811,2013-02-20,0.0,1.0,0.0,1.0,1.0,True
812,2013-02-21,1.0,3.0,1.0,5.0,0.6,True
813,2013-02-23,0.0,1.0,0.0,1.0,1.0,False
814,2013-02-24,0.0,1.0,0.0,1.0,1.0,False
815,2013-02-26,0.0,0.0,1.0,1.0,0.0,True
816,2013-02-28,2.0,0.0,0.0,2.0,0.0,True
817,2013-03-07,1.0,0.0,0.0,1.0,0.0,False
818,2013-03-08,0.0,1.0,0.0,1.0,1.0,False
819,2013-03-09,0.0,3.0,0.0,3.0,1.0,False
820,2013-03-10,1.0,0.0,0.0,1.0,0.0,False
821,2013-03-11,0.0,1.0,0.0,1.0,1.0,True
822,2013-03-12,1.0,0.0,0.0,1.0,0.0,True
823,2013-03-15,0.0,1.0,1.0,2.0,0.5,False
824,2013-03-16,0.0,0.0,1.0,1.0,0.0,False
825,2013-03-17,0.0,1.0,0.0,1.0,1.0,False
826,2013-03-19,0.0,0.0,1.0,1.0,0.0,False
827,2013-03-20,1.0,2.0,0.0,3.0,0.6666666666666666,True
828,2013-03-21,3.0,2.0,0.0,5.0,0.4,True
829,2013-03-22,0.0,1.0,0.0,1.0,1.0,True
830,2013-03-23,0.0,2.0,0.0,2.0,1.0,False
831,2013-03-24,1.0,3.0,0.0,4.0,0.75,False
832,2013-03-25,2.0,0.0,0.0,2.0,0.0,False
833,2013-04-03,0.0,0.0,1.0,1.0,0.0,False
834,2013-04-04,0.0,0.0,2.0,2.0,0.0,False
835,2013-04-05,2.0,0.0,0.0,2.0,0.0,False
836,2013-04-09,0.0,1.0,0.0,1.0,1.0,False
837,2013-04-10,1.0,0.0,0.0,1.0,0.0,False
838,2013-04-12,1.0,2.0,0.0,3.0,0.6666666666666666,False
839,2013-04-13,1.0,1.0,0.0,2.0,0.5,False
840,2013-04-15,2.0,6.0,0.0,8.0,0.75,False
841,2013-04-16,1.0,0.0,0.0,1.0,0.0,False
842,2013-04-17,1.0,3.0,1.0,5.0,0.6,False
843,2013-04-18,0.0,3.0,1.0,4.0,0.75,False
844,2013-04-19,0.0,4.0,0.0,4.0,1.0,False
845,2013-04-20,1.0,0.0,0.0,1.0,0.0,False
846,2013-04-21,1.0,0.0,0.0,1.0,0.0,False
847,2013-04-23,1.0,2.0,0.0,3.0,0.6666666666666666,False
848,2013-04-24,2.0,1.0,0.0,3.0,0.3333333333333333,False
849,2013-04-25,0.0,3.0,1.0,4.0,0.75,False
850,2013-04-27,1.0,1.0,0.0,2.0,0.5,False
851,2013-04-28,1.0,1.0,1.0,3.0,0.3333333333333333,False
852,2013-04-29,0.0,1.0,1.0,2.0,0.5,False
853,2013-04-30,0.0,1.0,0.0,1.0,1.0,False
854,2013-05-01,0.0,1.0,0.0,1.0,1.0,False
855,2013-05-03,1.0,1.0,0.0,2.0,0.5,False
856,2013-05-06,0.0,1.0,0.0,1.0,1.0,False
857,2013-05-07,0.0,1.0,1.0,2.0,0.5,True
858,2013-05-08,0.0,3.0,1.0,4.0,0.75,True
859,2013-05-10,0.0,2.0,0.0,2.0,1.0,False
860,2013-05-12,0.0,1.0,1.0,2.0,0.5,False
861,2013-05-13,0.0,0.0,1.0,1.0,0.0,False
862,2013-05-14,0.0,1.0,1.0,2.0,0.5,False
863,2013-05-18,0.0,1.0,0.0,1.0,1.0,False
864,2013-05-19,0.0,0.0,1.0,1.0,0.0,False
865,2013-05-20,0.0,2.0,1.0,3.0,0.6666666666666666,False
866,2013-05-21,0.0,3.0,0.0,3.0,1.0,False
867,2013-05-22,0.0,1.0,1.0,2.0,0.5,False
868,2013-05-23,5.0,1.0,0.0,6.0,0.16666666666666666,False
869,2013-05-26,1.0,3.0,0.0,4.0,0.75,False
870,2013-05-27,0.0,2.0,0.0,2.0,1.0,True
871,2013-05-28,0.0,2.0,0.0,2.0,1.0,True
872,2013-05-29,0.0,2.0,0.0,2.0,1.0,True
873,2013-06-02,0.0,1.0,1.0,2.0,0.5,False
874,2013-06-03,0.0,2.0,1.0,3.0,0.6666666666666666,True
875,2013-06-04,0.0,2.0,0.0,2.0,1.0,True
876,2013-06-06,0.0,0.0,1.0,1.0,0.0,True
877,2013-06-10,2.0,5.0,0.0,7.0,0.7142857142857143,True
878,2013-06-13,0.0,4.0,0.0,4.0,1.0,False
879,2013-06-18,1.0,4.0,0.0,5.0,0.8,True
880,2013-06-19,0.0,1.0,0.0,1.0,1.0,True
881,2013-06-23,1.0,0.0,0.0,1.0,0.0,False
882,2013-06-24,1.0,0.0,0.0,1.0,0.0,False
883,2013-06-28,0.0,0.0,1.0,1.0,0.0,False
884,2013-07-07,0.0,0.0,1.0,1.0,0.0,True
885,2013-07-08,0.0,2.0,1.0,3.0,0.6666666666666666,True
886,2013-07-09,1.0,3.0,2.0,6.0,0.5,False
887,2013-07-10,0.0,2.0,0.0,2.0,1.0,False
888,2013-07-12,1.0,5.0,0.0,6.0,0.8333333333333334,False
889,2013-07-14,0.0,4.0,0.0,4.0,1.0,True
890,2013-07-17,0.0,1.0,0.0,1.0,1.0,True
891,2013-07-18,0.0,1.0,0.0,1.0,1.0,True
892,2013-07-21,0.0,0.0,1.0,1.0,0.0,False
893,2013-07-26,1.0,0.0,0.0,1.0,0.0,False
894,2013-07-30,0.0,1.0,0.0,1.0,1.0,False
895,2013-08-05,0.0,1.0,0.0,1.0,1.0,True
896,2013-08-06,0.0,1.0,1.0,2.0,0.5,True
897,2013-08-07,0.0,1.0,0.0,1.0,1.0,False
898,2013-08-08,0.0,1.0,0.0,1.0,1.0,False
899,2013-08-09,1.0,2.0,0.0,3.0,0.6666666666666666,False
900,2013-08-10,1.0,1.0,0.0,2.0,0.5,False
901,2013-08-11,2.0,4.0,0.0,6.0,0.6666666666666666,False
902,2013-08-12,1.0,2.0,1.0,4.0,0.5,False
903,2013-08-15,2.0,2.0,0.0,4.0,0.5,False
904,2013-08-17,0.0,1.0,0.0,1.0,1.0,False
905,2013-08-19,0.0,2.0,0.0,2.0,1.0,False
906,2013-08-20,2.0,1.0,2.0,5.0,0.2,False
907,2013-08-21,0.0,0.0,1.0,1.0,0.0,False
908,2013-08-22,0.0,7.0,0.0,7.0,1.0,False
909,2013-08-23,9.0,9.0,1.0,19.0,0.4736842105263158,False
910,2013-08-24,1.0,0.0,0.0,1.0,0.0,False
911,2013-08-25,1.0,1.0,0.0,2.0,0.5,False
912,2013-08-26,1.0,0.0,0.0,1.0,0.0,False
913,2013-08-27,0.0,0.0,1.0,1.0,0.0,False
914,2013-08-28,0.0,2.0,1.0,3.0,0.6666666666666666,False
915,2013-08-30,1.0,0.0,0.0,1.0,0.0,False
916,2013-08-31,1.0,0.0,1.0,2.0,0.0,False
917,2013-09-02,2.0,0.0,0.0,2.0,0.0,False
918,2013-09-03,0.0,2.0,0.0,2.0,1.0,True
919,2013-09-04,3.0,3.0,0.0,6.0,0.5,True
920,2013-09-05,0.0,1.0,0.0,1.0,1.0,True
921,2013-09-09,0.0,1.0,0.0,1.0,1.0,False
922,2013-09-10,1.0,0.0,1.0,2.0,0.0,True
923,2013-09-11,0.0,4.0,0.0,4.0,1.0,True
924,2013-09-12,3.0,1.0,0.0,4.0,0.25,True
925,2013-09-13,1.0,1.0,0.0,2.0,0.5,True
926,2013-09-16,1.0,2.0,0.0,3.0,0.6666666666666666,True
927,2013-09-17,1.0,2.0,0.0,3.0,0.6666666666666666,False
928,2013-09-18,3.0,0.0,1.0,4.0,0.0,False
929,2013-09-19,1.0,0.0,3.0,4.0,0.0,False
930,2013-09-20,0.0,2.0,3.0,5.0,0.4,False
931,2013-09-23,0.0,2.0,0.0,2.0,1.0,False
932,2013-09-24,0.0,3.0,1.0,4.0,0.75,False
933,2013-09-25,1.0,1.0,0.0,2.0,0.5,False
934,2013-09-26,2.0,1.0,0.0,3.0,0.3333333333333333,True
935,2013-09-27,0.0,1.0,1.0,2.0,0.5,True
936,2013-09-29,1.0,2.0,0.0,3.0,0.6666666666666666,False
937,2013-09-30,2.0,0.0,0.0,2.0,0.0,False
938,2013-10-01,1.0,1.0,0.0,2.0,0.5,True
939,2013-10-02,1.0,2.0,0.0,3.0,0.6666666666666666,True
940,2013-10-03,0.0,3.0,0.0,3.0,1.0,False
941,2013-10-07,0.0,0.0,1.0,1.0,0.0,False
942,2013-10-10,0.0,1.0,0.0,1.0,1.0,True
943,2013-10-12,1.0,1.0,0.0,2.0,0.5,False
944,2013-10-13,1.0,1.0,0.0,2.0,0.5,False
945,2013-10-14,0.0,2.0,0.0,2.0,1.0,False
946,2013-10-15,0.0,0.0,4.0,4.0,0.0,False
947,2013-10-16,1.0,2.0,0.0,3.0,0.6666666666666666,False
948,2013-10-18,0.0,2.0,0.0,2.0,1.0,False
949,2013-10-19,1.0,0.0,2.0,3.0,0.0,False
950,2013-10-20,2.0,0.0,0.0,2.0,0.0,False
951,2013-10-21,0.0,1.0,0.0,1.0,1.0,False
952,2013-10-22,6.0,0.0,1.0,7.0,0.0,False
953,2013-10-23,4.0,7.0,0.0,11.0,0.6363636363636364,False
954,2013-10-24,2.0,0.0,1.0,3.0,0.0,False
955,2013-10-25,0.0,0.0,1.0,1.0,0.0,False
956,2013-10-27,1.0,1.0,0.0,2.0,0.5,False
957,2013-10-29,0.0,1.0,0.0,1.0,1.0,False
958,2013-10-30,1.0,3.0,0.0,4.0,0.75,False
959,2013-10-31,6.0,2.0,0.0,8.0,0.25,False
960,2013-11-02,1.0,0.0,0.0,1.0,0.0,False
961,2013-11-04,1.0,0.0,1.0,2.0,0.0,True
962,2013-11-05,3.0,0.0,0.0,3.0,0.0,True
963,2013-11-06,8.0,0.0,0.0,8.0,0.0,False
964,2013-11-07,0.0,1.0,0.0,1.0,1.0,False
965,2013-11-08,0.0,1.0,1.0,2.0,0.5,False
966,2013-11-10,0.0,8.0,0.0,8.0,1.0,False
967,2013-11-11,0.0,3.0,0.0,3.0,1.0,False
968,2013-11-12,1.0,0.0,0.0,1.0,0.0,True
969,2013-11-13,0.0,1.0,0.0,1.0,1.0,True
970,2013-11-14,0.0,3.0,1.0,4.0,0.75,False
971,2013-11-15,1.0,1.0,0.0,2.0,0.5,False
972,2013-11-17,1.0,3.0,0.0,4.0,0.75,False
973,2013-11-18,0.0,2.0,1.0,3.0,0.6666666666666666,False
974,2013-11-19,1.0,0.0,0.0,1.0,0.0,False
975,2013-11-20,1.0,1.0,0.0,2.0,0.5,False
976,2013-11-21,0.0,2.0,0.0,2.0,1.0,False
977,2013-11-22,4.0,7.0,0.0,11.0,0.6363636363636364,False
978,2013-11-23,0.0,3.0,0.0,3.0,1.0,False
979,2013-11-24,1.0,2.0,0.0,3.0,0.6666666666666666,False
980,2013-11-25,0.0,1.0,0.0,1.0,1.0,False
981,2013-11-27,0.0,2.0,0.0,2.0,1.0,False
982,2013-11-29,2.0,0.0,0.0,2.0,0.0,False
983,2013-11-30,0.0,1.0,0.0,1.0,1.0,False
984,2013-12-01,3.0,3.0,0.0,6.0,0.5,False
985,2013-12-02,1.0,1.0,0.0,2.0,0.5,True
986,2013-12-03,0.0,1.0,0.0,1.0,1.0,True
987,2013-12-04,0.0,1.0,0.0,1.0,1.0,False
988,2013-12-05,0.0,1.0,1.0,2.0,0.5,False
989,2013-12-06,0.0,1.0,1.0,2.0,0.5,False
990,2013-12-07,0.0,0.0,1.0,1.0,0.0,False
991,2013-12-09,0.0,5.0,0.0,5.0,1.0,False
992,2013-12-10,0.0,0.0,1.0,1.0,0.0,False
993,2013-12-11,0.0,0.0,1.0,1.0,0.0,False
994,2013-12-12,0.0,7.0,5.0,12.0,0.5833333333333334,False
995,2013-12-13,0.0,2.0,4.0,6.0,0.3333333333333333,False
996,2013-12-16,4.0,2.0,0.0,6.0,0.3333333333333333,False
997,2013-12-17,0.0,2.0,2.0,4.0,0.5,True
998,2013-12-18,0.0,3.0,0.0,3.0,1.0,True
999,2013-12-19,0.0,2.0,6.0,8.0,0.25,False
1000,2013-12-23,0.0,1.0,0.0,1.0,1.0,False
1001,2014-01-06,0.0,0.0,1.0,1.0,0.0,False
1002,2014-01-07,0.0,0.0,1.0,1.0,0.0,True
1003,2014-01-12,0.0,0.0,1.0,1.0,0.0,True
1004,2014-01-15,0.0,1.0,0.0,1.0,1.0,False
1005,2014-01-17,0.0,1.0,0.0,1.0,1.0,False
1006,2014-01-20,0.0,2.0,0.0,2.0,1.0,False
1007,2014-01-25,0.0,3.0,0.0,3.0,1.0,False
1008,2014-01-30,0.0,0.0,1.0,1.0,0.0,False
1009,2014-01-31,1.0,0.0,0.0,1.0,0.0,False
1010,2014-02-01,1.0,0.0,0.0,1.0,0.0,False
1011,2014-02-06,4.0,0.0,0.0,4.0,0.0,True
1012,2014-02-08,0.0,1.0,0.0,1.0,1.0,False
1013,2014-02-11,1.0,0.0,0.0,1.0,0.0,True
1014,2014-02-12,1.0,1.0,0.0,2.0,0.5,False
1015,2014-02-13,1.0,2.0,0.0,3.0,0.6666666666666666,False
1016,2014-02-14,0.0,0.0,6.0,6.0,0.0,False
1017,2014-02-15,0.0,0.0,1.0,1.0,0.0,False
1018,2014-02-16,2.0,3.0,0.0,5.0,0.6,False
1019,2014-02-17,0.0,1.0,0.0,1.0,1.0,False
1020,2014-02-18,0.0,1.0,0.0,1.0,1.0,True
1021,2014-02-19,1.0,1.0,0.0,2.0,0.5,True
1022,2014-02-20,0.0,2.0,0.0,2.0,1.0,False
1023,2014-02-21,1.0,1.0,1.0,3.0,0.3333333333333333,True
1024,2014-02-28,1.0,1.0,0.0,2.0,0.5,False
1025,2014-03-01,0.0,0.0,1.0,1.0,0.0,True
1026,2014-03-02,0.0,1.0,0.0,1.0,1.0,True
1027,2014-03-03,0.0,1.0,0.0,1.0,1.0,False
1028,2014-03-05,0.0,4.0,0.0,4.0,1.0,False
1029,2014-03-07,2.0,1.0,0.0,3.0,0.3333333333333333,False
1030,2014-03-08,1.0,0.0,0.0,1.0,0.0,False
1031,2014-03-14,0.0,1.0,0.0,1.0,1.0,False
1032,2014-03-15,1.0,1.0,1.0,3.0,0.3333333333333333,False
1033,2014-03-16,0.0,1.0,0.0,1.0,1.0,False
1034,2014-03-17,0.0,3.0,1.0,4.0,0.75,False
1035,2014-03-18,0.0,2.0,0.0,2.0,1.0,False
1036,2014-03-24,2.0,0.0,0.0,2.0,0.0,True
1037,2014-03-25,0.0,3.0,1.0,4.0,0.75,False
1038,2014-03-26,0.0,1.0,0.0,1.0,1.0,False
1039,2014-03-27,1.0,2.0,0.0,3.0,0.6666666666666666,False
1040,2014-03-28,0.0,1.0,0.0,1.0,1.0,False
1041,2014-03-29,0.0,1.0,0.0,1.0,1.0,False
1042,2014-03-30,2.0,1.0,0.0,3.0,0.3333333333333333,False
1043,2014-04-01,1.0,2.0,0.0,3.0,0.6666666666666666,True
1044,2014-04-02,1.0,2.0,0.0,3.0,0.6666666666666666,False
1045,2014-04-03,0.0,1.0,0.0,1.0,1.0,True
1046,2014-04-04,1.0,1.0,0.0,2.0,0.5,True
1047,2014-04-06,0.0,4.0,0.0,4.0,1.0,False
1048,2014-04-07,0.0,3.0,2.0,5.0,0.6,False
1049,2014-04-08,0.0,1.0,2.0,3.0,0.3333333333333333,False
1050,2014-04-09,0.0,1.0,0.0,1.0,1.0,False
1051,2014-04-11,0.0,0.0,1.0,1.0,0.0,False
1052,2014-04-12,1.0,0.0,1.0,2.0,0.0,False
1053,2014-04-13,0.0,1.0,0.0,1.0,1.0,False
1054,2014-04-16,1.0,1.0,0.0,2.0,0.5,True
1055,2014-04-18,1.0,5.0,0.0,6.0,0.8333333333333334,True
1056,2014-04-19,3.0,1.0,0.0,4.0,0.25,False
1057,2014-04-20,0.0,2.0,0.0,2.0,1.0,False
1058,2014-04-22,1.0,0.0,1.0,2.0,0.0,False
1059,2014-04-23,1.0,1.0,0.0,2.0,0.5,False
1060,2014-04-26,1.0,3.0,0.0,4.0,0.75,False
1061,2014-04-27,1.0,1.0,0.0,2.0,0.5,False
1062,2014-04-28,1.0,3.0,1.0,5.0,0.6,False
1063,2014-05-01,0.0,4.0,0.0,4.0,1.0,False
1064,2014-05-04,0.0,3.0,0.0,3.0,1.0,True
1065,2014-05-05,0.0,2.0,0.0,2.0,1.0,True
1066,2014-05-09,0.0,1.0,0.0,1.0,1.0,False
1067,2014-05-11,1.0,1.0,0.0,2.0,0.5,False
1068,2014-05-12,3.0,3.0,0.0,6.0,0.5,False
1069,2014-05-16,1.0,1.0,0.0,2.0,0.5,False
1070,2014-05-20,1.0,0.0,0.0,1.0,0.0,True
1071,2014-05-21,0.0,5.0,0.0,5.0,1.0,True
1072,2014-05-22,0.0,1.0,0.0,1.0,1.0,True
1073,2014-05-26,0.0,1.0,0.0,1.0,1.0,False
1074,2014-05-28,0.0,3.0,0.0,3.0,1.0,True
1075,2014-06-03,0.0,1.0,0.0,1.0,1.0,True
1076,2014-06-04,0.0,2.0,0.0,2.0,1.0,True
1077,2014-06-05,1.0,0.0,0.0,1.0,0.0,True
1078,2014-06-07,1.0,0.0,1.0,2.0,0.0,False
1079,2014-06-08,0.0,1.0,0.0,1.0,1.0,False
1080,2014-06-11,0.0,2.0,0.0,2.0,1.0,True
1081,2014-06-12,0.0,1.0,0.0,1.0,1.0,False
1082,2014-06-15,0.0,1.0,0.0,1.0,1.0,False
1083,2014-06-19,0.0,1.0,0.0,1.0,1.0,True
1084,2014-06-20,0.0,1.0,0.0,1.0,1.0,True
1085,2014-06-21,0.0,1.0,0.0,1.0,1.0,False
1086,2014-06-23,0.0,2.0,0.0,2.0,1.0,False
1087,2014-06-26,1.0,0.0,0.0,1.0,0.0,False
1088,2014-06-27,0.0,1.0,1.0,2.0,0.5,False
1089,2014-06-28,0.0,2.0,0.0,2.0,1.0,False
1090,2014-06-30,1.0,1.0,0.0,2.0,0.5,True
1091,2014-07-01,0.0,2.0,1.0,3.0,0.6666666666666666,True
1092,2014-07-02,1.0,1.0,1.0,3.0,0.3333333333333333,False
1093,2014-07-04,2.0,0.0,0.0,2.0,0.0,False
1094,2014-07-07,0.0,3.0,0.0,3.0,1.0,True
1095,2014-07-09,2.0,4.0,0.0,6.0,0.6666666666666666,True
1096,2014-07-11,0.0,3.0,0.0,3.0,1.0,False
1097,2014-07-12,0.0,0.0,1.0,1.0,0.0,False
1098,2014-07-16,1.0,0.0,0.0,1.0,0.0,False
1099,2014-07-18,0.0,1.0,0.0,1.0,1.0,False
1100,2014-07-19,1.0,0.0,0.0,1.0,0.0,False
1101,2014-07-20,0.0,1.0,0.0,1.0,1.0,False
1102,2014-07-21,2.0,1.0,0.0,3.0,0.3333333333333333,False
1103,2014-07-22,2.0,0.0,0.0,2.0,0.0,False
1104,2014-07-23,0.0,1.0,0.0,1.0,1.0,False
1105,2014-07-24,1.0,1.0,0.0,2.0,0.5,False
1106,2014-07-25,1.0,0.0,0.0,1.0,0.0,False
1107,2014-07-30,2.0,0.0,0.0,2.0,0.0,False
1108,2014-07-31,2.0,0.0,3.0,5.0,0.0,False
1109,2014-08-01,1.0,3.0,0.0,4.0,0.75,False
1110,2014-08-02,2.0,1.0,0.0,3.0,0.3333333333333333,False
1111,2014-08-03,2.0,1.0,0.0,3.0,0.3333333333333333,False
1112,2014-08-04,1.0,0.0,0.0,1.0,0.0,True
1113,2014-08-05,2.0,2.0,0.0,4.0,0.5,True
1114,2014-08-06,0.0,1.0,0.0,1.0,1.0,False
1115,2014-08-08,2.0,0.0,0.0,2.0,0.0,False
1116,2014-08-09,1.0,0.0,0.0,1.0,0.0,False
1117,2014-08-10,2.0,0.0,0.0,2.0,0.0,False
1118,2014-08-13,1.0,0.0,0.0,1.0,0.0,True
1119,2014-08-14,0.0,0.0,1.0,1.0,0.0,False
1120,2014-08-19,2.0,0.0,0.0,2.0,0.0,False
1121,2014-08-20,0.0,1.0,0.0,1.0,1.0,False
1122,2014-08-21,1.0,1.0,0.0,2.0,0.5,True
1123,2014-08-26,3.0,0.0,0.0,3.0,0.0,False
1124,2014-08-27,2.0,3.0,0.0,5.0,0.6,False
1125,2014-08-28,1.0,0.0,0.0,1.0,0.0,True
1126,2014-08-30,0.0,1.0,0.0,1.0,1.0,False
1127,2014-08-31,0.0,1.0,0.0,1.0,1.0,False
1128,2014-09-01,1.0,2.0,1.0,4.0,0.5,False
1129,2014-09-02,1.0,2.0,1.0,4.0,0.5,False
1130,2014-09-03,1.0,2.0,0.0,3.0,0.6666666666666666,False
1131,2014-09-04,1.0,3.0,1.0,5.0,0.6,False
1132,2014-09-05,0.0,1.0,0.0,1.0,1.0,False
1133,2014-09-06,2.0,1.0,0.0,3.0,0.3333333333333333,True
1134,2014-09-07,0.0,1.0,1.0,2.0,0.5,True
1135,2014-09-08,1.0,1.0,0.0,2.0,0.5,False
1136,2014-09-10,1.0,2.0,0.0,3.0,0.6666666666666666,True
1137,2014-09-12,0.0,0.0,1.0,1.0,0.0,True
1138,2014-09-14,0.0,3.0,0.0,3.0,1.0,False
1139,2014-09-16,0.0,2.0,0.0,2.0,1.0,True
1140,2014-09-20,0.0,3.0,0.0,3.0,1.0,False
1141,2014-09-24,0.0,3.0,1.0,4.0,0.75,False
1142,2014-09-25,0.0,1.0,0.0,1.0,1.0,True
1143,2014-09-26,0.0,4.0,0.0,4.0,1.0,True
1144,2014-09-30,0.0,1.0,0.0,1.0,1.0,False
1145,2014-10-01,1.0,2.0,1.0,4.0,0.5,False
1146,2014-10-06,0.0,0.0,1.0,1.0,0.0,False
1147,2014-10-09,1.0,1.0,0.0,2.0,0.5,False
1148,2014-10-11,2.0,0.0,0.0,2.0,0.0,False
1149,2014-10-12,0.0,1.0,0.0,1.0,1.0,True
1150,2014-10-13,0.0,1.0,0.0,1.0,1.0,True
1151,2014-10-14,0.0,1.0,0.0,1.0,1.0,False
1152,2014-10-15,0.0,1.0,0.0,1.0,1.0,False
1153,2014-10-18,0.0,0.0,3.0,3.0,0.0,False
1154,2014-10-23,2.0,2.0,0.0,4.0,0.5,True
1155,2014-10-26,0.0,1.0,0.0,1.0,1.0,False
1156,2014-10-27,0.0,2.0,1.0,3.0,0.6666666666666666,False
1157,2014-10-28,2.0,0.0,0.0,2.0,0.0,False
1158,2014-11-03,0.0,1.0,0.0,1.0,1.0,True
1159,2014-11-07,1.0,2.0,0.0,3.0,0.6666666666666666,False
1160,2014-11-08,1.0,0.0,0.0,1.0,0.0,False
1161,2014-11-09,0.0,1.0,0.0,1.0,1.0,False
1162,2014-11-11,0.0,1.0,0.0,1.0,1.0,True
1163,2014-11-12,0.0,6.0,0.0,6.0,1.0,True
1164,2014-11-14,1.0,0.0,0.0,1.0,0.0,False
1165,2014-11-15,0.0,0.0,1.0,1.0,0.0,False
1166,2014-11-18,0.0,0.0,2.0,2.0,0.0,True
1167,2014-11-19,0.0,1.0,3.0,4.0,0.25,False
1168,2014-11-22,1.0,4.0,0.0,5.0,0.8,False
1169,2014-11-23,0.0,3.0,2.0,5.0,0.6,False
1170,2014-11-24,0.0,1.0,0.0,1.0,1.0,False
1171,2014-11-26,0.0,1.0,0.0,1.0,1.0,False
1172,2014-11-27,1.0,0.0,0.0,1.0,0.0,False
1173,2014-11-28,1.0,1.0,0.0,2.0,0.5,False
1174,2014-11-29,0.0,2.0,0.0,2.0,1.0,False
1175,2014-11-30,0.0,2.0,2.0,4.0,0.5,True
1176,2014-12-01,0.0,2.0,6.0,8.0,0.25,True
1177,2014-12-02,0.0,3.0,1.0,4.0,0.75,False
1178,2014-12-03,0.0,0.0,2.0,2.0,0.0,True
1179,2014-12-04,0.0,0.0,2.0,2.0,0.0,True
1180,2014-12-06,0.0,2.0,0.0,2.0,1.0,False
1181,2014-12-07,0.0,0.0,1.0,1.0,0.0,False
1182,2014-12-10,1.0,2.0,1.0,4.0,0.5,False
1183,2014-12-12,0.0,1.0,0.0,1.0,1.0,False
1184,2014-12-13,0.0,4.0,0.0,4.0,1.0,False
1185,2014-12-16,0.0,1.0,0.0,1.0,1.0,False
1186,2014-12-22,1.0,4.0,2.0,7.0,0.5714285714285714,True
1187,2014-12-23,1.0,2.0,0.0,3.0,0.6666666666666666,True
1188,2014-12-24,0.0,3.0,0.0,3.0,1.0,False
1189,2014-12-31,0.0,6.0,6.0,12.0,0.5,False
1190,2015-01-02,1.0,2.0,3.0,6.0,0.3333333333333333,True
1191,2015-01-03,0.0,1.0,1.0,2.0,0.5,True
1192,2015-01-04,0.0,3.0,0.0,3.0,1.0,False
1193,2015-01-05,0.0,1.0,0.0,1.0,1.0,False
1194,2015-01-06,1.0,0.0,0.0,1.0,0.0,True
1195,2015-01-07,0.0,2.0,1.0,3.0,0.6666666666666666,True
1196,2015-01-08,0.0,1.0,0.0,1.0,1.0,False
1197,2015-01-15,0.0,3.0,1.0,4.0,0.75,True
1198,2015-01-16,1.0,1.0,0.0,2.0,0.5,True
1199,2015-01-17,1.0,0.0,1.0,2.0,0.0,False
1200,2015-01-21,0.0,4.0,0.0,4.0,1.0,True
1201,2015-01-22,0.0,2.0,0.0,2.0,1.0,False
1202,2015-01-23,0.0,1.0,0.0,1.0,1.0,False
1203,2015-01-25,0.0,1.0,0.0,1.0,1.0,False
1204,2015-01-27,0.0,1.0,5.0,6.0,0.16666666666666666,True
1205,2015-02-01,0.0,0.0,7.0,7.0,0.0,False
1206,2015-02-02,5.0,7.0,0.0,12.0,0.5833333333333334,True
1207,2015-02-03,1.0,0.0,0.0,1.0,0.0,True
1208,2015-02-04,0.0,3.0,0.0,3.0,1.0,True
1209,2015-02-10,1.0,0.0,0.0,1.0,0.0,False
1210,2015-02-11,1.0,2.0,2.0,5.0,0.4,False
1211,2015-02-12,2.0,0.0,2.0,4.0,0.0,False
1212,2015-02-17,0.0,1.0,0.0,1.0,1.0,False
1213,2015-02-18,0.0,1.0,0.0,1.0,1.0,False
1214,2015-02-19,1.0,3.0,3.0,7.0,0.42857142857142855,False
1215,2015-02-23,2.0,1.0,0.0,3.0,0.3333333333333333,True
1216,2015-02-25,2.0,2.0,0.0,4.0,0.5,True
1217,2015-02-26,1.0,3.0,0.0,4.0,0.75,True
1218,2015-02-27,0.0,2.0,2.0,4.0,0.5,False
1219,2015-02-28,1.0,0.0,0.0,1.0,0.0,False
1220,2015-03-01,0.0,2.0,0.0,2.0,1.0,True
1221,2015-03-02,3.0,4.0,0.0,7.0,0.5714285714285714,True
1222,2015-03-03,2.0,0.0,0.0,2.0,0.0,False
1223,2015-03-04,1.0,1.0,0.0,2.0,0.5,False
1224,2015-03-05,1.0,0.0,0.0,1.0,0.0,False
1225,2015-03-09,0.0,1.0,0.0,1.0,1.0,False
1226,2015-03-10,0.0,0.0,1.0,1.0,0.0,False
1227,2015-03-11,2.0,0.0,0.0,2.0,0.0,False
1228,2015-03-12,0.0,0.0,1.0,1.0,0.0,False
1229,2015-03-15,1.0,1.0,0.0,2.0,0.5,False
1230,2015-03-16,1.0,0.0,0.0,1.0,0.0,False
1231,2015-03-18,0.0,0.0,1.0,1.0,0.0,False
1232,2015-03-19,1.0,0.0,1.0,2.0,0.0,False
1233,2015-03-23,0.0,2.0,0.0,2.0,1.0,True
1234,2015-03-24,2.0,0.0,2.0,4.0,0.0,False
1235,2015-03-25,0.0,1.0,1.0,2.0,0.5,False
1236,2015-03-26,1.0,1.0,5.0,7.0,0.14285714285714285,False
1237,2015-03-27,0.0,1.0,0.0,1.0,1.0,False
1238,2015-03-28,0.0,1.0,1.0,2.0,0.5,False
1239,2015-03-29,0.0,1.0,1.0,2.0,0.5,False
1240,2015-03-30,0.0,1.0,0.0,1.0,1.0,False
1241,2015-03-31,0.0,1.0,0.0,1.0,1.0,False
1242,2015-04-02,0.0,0.0,6.0,6.0,0.0,True
1243,2015-04-18,0.0,1.0,0.0,1.0,1.0,False
1244,2015-04-19,0.0,1.0,0.0,1.0,1.0,False
1245,2015-04-20,2.0,1.0,0.0,3.0,0.3333333333333333,False
1246,2015-04-21,1.0,0.0,0.0,1.0,0.0,False
1247,2015-04-27,1.0,3.0,0.0,4.0,0.75,False
1248,2015-04-29,0.0,0.0,1.0,1.0,0.0,False
1249,2015-04-30,0.0,1.0,1.0,2.0,0.5,False
1250,2015-05-04,1.0,3.0,0.0,4.0,0.75,True
1251,2015-05-05,0.0,4.0,0.0,4.0,1.0,True
1252,2015-05-06,2.0,0.0,0.0,2.0,0.0,False
1253,2015-05-07,1.0,1.0,0.0,2.0,0.5,False
1254,2015-05-10,0.0,1.0,0.0,1.0,1.0,False
1255,2015-05-11,1.0,1.0,0.0,2.0,0.5,False
1256,2015-05-12,1.0,0.0,0.0,1.0,0.0,False
1257,2015-05-15,1.0,1.0,0.0,2.0,0.5,False
1258,2015-05-18,1.0,1.0,0.0,2.0,0.5,True
1259,2015-05-19,0.0,3.0,1.0,4.0,0.75,True
1260,2015-05-21,2.0,1.0,1.0,4.0,0.25,False
1261,2015-05-24,0.0,1.0,0.0,1.0,1.0,False
1262,2015-05-25,1.0,3.0,0.0,4.0,0.75,True
1263,2015-05-26,0.0,4.0,0.0,4.0,1.0,True
1264,2015-05-27,1.0,2.0,0.0,3.0,0.6666666666666666,False
1265,2015-06-01,1.0,3.0,0.0,4.0,0.75,True
1266,2015-06-02,0.0,3.0,2.0,5.0,0.6,True
1267,2015-06-03,1.0,0.0,8.0,9.0,0.0,False
1268,2015-06-07,0.0,2.0,0.0,2.0,1.0,False
1269,2015-06-08,2.0,12.0,6.0,20.0,0.6,True
1270,2015-06-09,0.0,4.0,0.0,4.0,1.0,True
1271,2015-06-10,0.0,0.0,1.0,1.0,0.0,False
1272,2015-06-13,0.0,2.0,0.0,2.0,1.0,False
1273,2015-06-17,0.0,1.0,0.0,1.0,1.0,False
1274,2015-06-22,0.0,3.0,0.0,3.0,1.0,False
1275,2015-06-23,2.0,0.0,0.0,2.0,0.0,True
1276,2015-06-24,1.0,4.0,0.0,5.0,0.8,True
1277,2015-06-26,0.0,2.0,0.0,2.0,1.0,False
1278,2015-06-27,0.0,0.0,10.0,10.0,0.0,False
1279,2015-06-28,0.0,2.0,0.0,2.0,1.0,False
1280,2015-06-29,3.0,1.0,2.0,6.0,0.16666666666666666,False
1281,2015-06-30,0.0,4.0,1.0,5.0,0.8,False
1282,2015-07-01,2.0,3.0,0.0,5.0,0.6,False
1283,2015-07-03,1.0,1.0,0.0,2.0,0.5,False
1284,2015-07-04,0.0,1.0,0.0,1.0,1.0,False
1285,2015-07-05,1.0,4.0,0.0,5.0,0.8,False
1286,2015-07-06,1.0,0.0,0.0,1.0,0.0,True
1287,2015-07-07,2.0,2.0,0.0,4.0,0.5,True
1288,2015-07-08,1.0,1.0,0.0,2.0,0.5,True
1289,2015-07-12,0.0,0.0,1.0,1.0,0.0,False
1290,2015-07-15,0.0,1.0,0.0,1.0,1.0,False
1291,2015-07-20,0.0,0.0,1.0,1.0,0.0,True
1292,2015-07-22,1.0,0.0,1.0,2.0,0.0,False
1293,2015-07-23,0.0,1.0,0.0,1.0,1.0,False
1294,2015-07-25,5.0,0.0,0.0,5.0,0.0,False
1295,2015-07-26,0.0,1.0,0.0,1.0,1.0,False
1296,2015-07-27,0.0,1.0,0.0,1.0,1.0,False
1297,2015-08-01,0.0,5.0,0.0,5.0,1.0,False
1298,2015-08-02,0.0,6.0,0.0,6.0,1.0,False
1299,2015-08-05,0.0,2.0,0.0,2.0,1.0,False
1300,2015-08-10,0.0,1.0,1.0,2.0,0.5,True
1301,2015-08-13,0.0,1.0,0.0,1.0,1.0,False
1302,2015-08-14,2.0,2.0,0.0,4.0,0.5,False
1303,2015-08-16,3.0,1.0,0.0,4.0,0.25,False
1304,2015-08-18,0.0,1.0,0.0,1.0,1.0,True
1305,2015-08-20,0.0,1.0,0.0,1.0,1.0,False
1306,2015-08-21,0.0,1.0,0.0,1.0,1.0,False
1307,2015-08-22,1.0,1.0,0.0,2.0,0.5,False
1308,2015-08-23,1.0,2.0,0.0,3.0,0.6666666666666666,False
1309,2015-08-24,3.0,0.0,1.0,4.0,0.0,False
1310,2015-08-25,0.0,1.0,0.0,1.0,1.0,False
1311,2015-08-26,0.0,1.0,0.0,1.0,1.0,False
1312,2015-08-27,1.0,0.0,0.0,1.0,0.0,False
1313,2015-08-28,1.0,0.0,0.0,1.0,0.0,False
1314,2015-09-01,1.0,2.0,0.0,3.0,0.6666666666666666,True
1315,2015-09-02,2.0,1.0,2.0,5.0,0.2,True
1316,2015-09-03,1.0,1.0,0.0,2.0,0.5,False
1317,2015-09-04,0.0,2.0,1.0,3.0,0.6666666666666666,False
1318,2015-09-06,2.0,1.0,0.0,3.0,0.3333333333333333,False
1319,2015-09-07,2.0,1.0,1.0,4.0,0.25,False
1320,2015-09-08,1.0,1.0,0.0,2.0,0.5,True
1321,2015-09-09,1.0,0.0,1.0,2.0,0.0,True
1322,2015-09-10,1.0,2.0,1.0,4.0,0.5,True
1323,2015-09-11,2.0,2.0,1.0,5.0,0.4,True
1324,2015-09-12,0.0,0.0,1.0,1.0,0.0,False
1325,2015-09-13,2.0,3.0,0.0,5.0,0.6,False
1326,2015-09-14,0.0,3.0,1.0,4.0,0.75,False
1327,2015-09-15,0.0,2.0,0.0,2.0,1.0,False
1328,2015-09-16,2.0,2.0,0.0,4.0,0.5,False
1329,2015-09-17,4.0,1.0,0.0,5.0,0.2,True
1330,2015-09-18,1.0,0.0,0.0,1.0,0.0,True
1331,2015-09-20,1.0,1.0,0.0,2.0,0.5,False
1332,2015-09-21,1.0,1.0,0.0,2.0,0.5,False
1333,2015-09-22,2.0,2.0,0.0,4.0,0.5,False
1334,2015-09-23,1.0,3.0,0.0,4.0,0.75,False
1335,2015-09-25,0.0,0.0,1.0,1.0,0.0,False
1336,2015-09-26,2.0,0.0,0.0,2.0,0.0,False
1337,2015-09-27,0.0,2.0,0.0,2.0,1.0,True
1338,2015-09-28,0.0,6.0,0.0,6.0,1.0,True
1339,2015-09-30,0.0,0.0,3.0,3.0,0.0,False
1340,2015-10-01,0.0,1.0,0.0,1.0,1.0,False
1341,2015-10-02,2.0,0.0,0.0,2.0,0.0,False
1342,2015-10-03,3.0,0.0,0.0,3.0,0.0,False
1343,2015-10-04,1.0,0.0,0.0,1.0,0.0,False
1344,2015-10-05,0.0,1.0,0.0,1.0,1.0,False
1345,2015-10-06,1.0,0.0,0.0,1.0,0.0,False
1346,2015-10-10,1.0,1.0,0.0,2.0,0.5,False
1347,2015-10-12,0.0,0.0,1.0,1.0,0.0,True
1348,2015-10-13,0.0,2.0,0.0,2.0,1.0,True
1349,2015-10-17,0.0,1.0,0.0,1.0,1.0,False
1350,2015-10-18,1.0,0.0,0.0,1.0,0.0,False
1351,2015-10-19,1.0,0.0,0.0,1.0,0.0,False
1352,2015-10-20,0.0,1.0,0.0,1.0,1.0,False
1353,2015-10-22,1.0,1.0,0.0,2.0,0.5,False
1354,2015-10-26,1.0,2.0,0.0,3.0,0.6666666666666666,False
1355,2015-10-28,0.0,1.0,0.0,1.0,1.0,True
1356,2015-11-01,0.0,0.0,1.0,1.0,0.0,False
1357,2015-11-05,0.0,2.0,0.0,2.0,1.0,False
1358,2015-11-06,1.0,0.0,0.0,1.0,0.0,False
1359,2015-11-10,0.0,3.0,0.0,3.0,1.0,True
1360,2015-11-11,0.0,1.0,0.0,1.0,1.0,True
1361,2015-11-12,0.0,1.0,0.0,1.0,1.0,True
1362,2015-11-13,1.0,0.0,0.0,1.0,0.0,True
1363,2015-11-14,2.0,6.0,1.0,9.0,0.6666666666666666,False
1364,2015-11-15,1.0,6.0,0.0,7.0,0.8571428571428571,False
1365,2015-11-17,0.0,1.0,0.0,1.0,1.0,True
1366,2015-11-18,0.0,2.0,0.0,2.0,1.0,True
1367,2015-11-19,1.0,3.0,0.0,4.0,0.75,False
1368,2015-11-22,3.0,3.0,0.0,6.0,0.5,True
1369,2015-11-23,1.0,1.0,0.0,2.0,0.5,True
1370,2015-11-24,0.0,0.0,1.0,1.0,0.0,True
1371,2015-11-27,0.0,1.0,0.0,1.0,1.0,False
1372,2015-11-29,0.0,2.0,0.0,2.0,1.0,False
1373,2015-11-30,2.0,0.0,1.0,3.0,0.0,False
1374,2015-12-01,2.0,0.0,0.0,2.0,0.0,True
1375,2015-12-05,0.0,1.0,0.0,1.0,1.0,False
1376,2015-12-06,2.0,1.0,0.0,3.0,0.3333333333333333,False
1377,2015-12-07,0.0,1.0,0.0,1.0,1.0,False
1378,2015-12-08,0.0,1.0,0.0,1.0,1.0,True
1379,2015-12-10,0.0,2.0,0.0,2.0,1.0,False
1380,2015-12-13,0.0,1.0,0.0,1.0,1.0,False
1381,2015-12-14,1.0,0.0,1.0,2.0,0.0,False
1382,2015-12-15,0.0,2.0,0.0,2.0,1.0,True
1383,2015-12-16,1.0,0.0,0.0,1.0,0.0,True
1384,2015-12-17,0.0,1.0,0.0,1.0,1.0,False
1385,2015-12-21,0.0,1.0,1.0,2.0,0.5,False
1386,2015-12-23,1.0,0.0,0.0,1.0,0.0,False
1387,2015-12-24,1.0,0.0,0.0,1.0,0.0,False
1388,2015-12-30,2.0,1.0,0.0,3.0,0.3333333333333333,False
1389,2016-01-03,0.0,1.0,0.0,1.0,1.0,False
1390,2016-01-04,1.0,1.0,0.0,2.0,0.5,True
1391,2016-01-07,1.0,1.0,0.0,2.0,0.5,False
1392,2016-01-08,0.0,1.0,0.0,1.0,1.0,False
1393,2016-01-09,0.0,1.0,0.0,1.0,1.0,False
1394,2016-01-10,2.0,0.0,0.0,2.0,0.0,False
1395,2016-01-11,1.0,2.0,0.0,3.0,0.6666666666666666,False
1396,2016-01-13,0.0,1.0,0.0,1.0,1.0,False
1397,2016-01-19,2.0,3.0,2.0,7.0,0.42857142857142855,False
1398,2016-01-20,1.0,1.0,1.0,3.0,0.3333333333333333,True
1399,2016-01-21,3.0,5.0,0.0,8.0,0.625,True
1400,2016-01-22,0.0,3.0,0.0,3.0,1.0,False
1401,2016-01-23,1.0,0.0,0.0,1.0,0.0,False
1402,2016-01-24,0.0,1.0,0.0,1.0,1.0,False
1403,2016-01-26,1.0,0.0,0.0,1.0,0.0,False
1404,2016-01-27,0.0,0.0,1.0,1.0,0.0,False
1405,2016-01-28,0.0,1.0,0.0,1.0,1.0,False
1406,2016-01-31,0.0,2.0,0.0,2.0,1.0,False
1407,2016-02-01,1.0,2.0,0.0,3.0,0.6666666666666666,False
1408,2016-02-04,0.0,1.0,0.0,1.0,1.0,False
1409,2016-02-05,1.0,0.0,0.0,1.0,0.0,True
1410,2016-02-09,0.0,1.0,1.0,2.0,0.5,False
1411,2016-02-11,2.0,2.0,0.0,4.0,0.5,True
1412,2016-02-13,2.0,0.0,0.0,2.0,0.0,True
1413,2016-02-14,0.0,1.0,0.0,1.0,1.0,True
1414,2016-02-17,0.0,3.0,0.0,3.0,1.0,False
1415,2016-02-18,1.0,3.0,0.0,4.0,0.75,False
1416,2016-02-19,0.0,2.0,0.0,2.0,1.0,False
1417,2016-02-20,2.0,1.0,0.0,3.0,0.3333333333333333,False
1418,2016-02-21,3.0,1.0,0.0,4.0,0.25,False
1419,2016-02-23,1.0,2.0,0.0,3.0,0.6666666666666666,True
1420,2016-02-24,0.0,1.0,1.0,2.0,0.5,False
1421,2016-02-25,1.0,0.0,0.0,1.0,0.0,False
1422,2016-02-26,1.0,2.0,0.0,3.0,0.6666666666666666,False
1423,2016-02-27,1.0,0.0,0.0,1.0,0.0,False
1424,2016-02-28,3.0,1.0,0.0,4.0,0.25,False
1425,2016-02-29,0.0,1.0,0.0,1.0,1.0,True
1426,2016-03-01,1.0,1.0,1.0,3.0,0.3333333333333333,True
1427,2016-03-02,1.0,1.0,0.0,2.0,0.5,False
1428,2016-03-15,3.0,3.0,0.0,6.0,0.5,False
1429,2016-03-16,1.0,0.0,0.0,1.0,0.0,False
1430,2016-03-17,1.0,0.0,1.0,2.0,0.0,False
1431,2016-03-20,0.0,1.0,0.0,1.0,1.0,False
1432,2016-03-21,4.0,1.0,0.0,5.0,0.2,False
1433,2016-03-22,3.0,1.0,1.0,5.0,0.2,True
1434,2016-03-23,1.0,2.0,0.0,3.0,0.6666666666666666,True
1435,2016-03-25,1.0,0.0,0.0,1.0,0.0,False
1436,2016-03-31,0.0,1.0,0.0,1.0,1.0,False
1437,2016-04-03,1.0,1.0,0.0,2.0,0.5,False
1438,2016-04-04,0.0,2.0,0.0,2.0,1.0,True
1439,2016-04-05,0.0,1.0,0.0,1.0,1.0,True
1440,2016-04-07,0.0,5.0,0.0,5.0,1.0,True
1441,2016-04-08,1.0,3.0,0.0,4.0,0.75,False
1442,2016-04-09,1.0,0.0,0.0,1.0,0.0,False
1443,2016-04-14,0.0,1.0,0.0,1.0,1.0,True
1444,2016-04-16,1.0,2.0,1.0,4.0,0.5,False
1445,2016-04-18,0.0,2.0,0.0,2.0,1.0,True
1446,2016-04-20,2.0,1.0,0.0,3.0,0.3333333333333333,False
1447,2016-04-21,0.0,1.0,0.0,1.0,1.0,False
1448,2016-04-23,0.0,2.0,0.0,2.0,1.0,False
1449,2016-04-24,0.0,2.0,0.0,2.0,1.0,False
1450,2016-04-25,1.0,0.0,1.0,2.0,0.0,False
1451,2016-04-26,0.0,1.0,0.0,1.0,1.0,False
1452,2016-04-29,0.0,0.0,1.0,1.0,0.0,False
1453,2016-04-30,0.0,0.0,1.0,1.0,0.0,False
1454,2016-05-03,0.0,1.0,0.0,1.0,1.0,True
1455,2016-05-04,5.0,4.0,1.0,10.0,0.4,True
1456,2016-05-05,1.0,3.0,0.0,4.0,0.75,True
1457,2016-05-07,1.0,0.0,0.0,1.0,0.0,False
1458,2016-05-09,1.0,1.0,0.0,2.0,0.5,False
1459,2016-05-10,2.0,0.0,0.0,2.0,0.0,False
1460,2016-05-11,0.0,1.0,0.0,1.0,1.0,False
1461,2016-05-13,0.0,2.0,0.0,2.0,1.0,False
1462,2016-05-14,1.0,2.0,0.0,3.0,0.6666666666666666,False
1463,2016-05-15,1.0,1.0,0.0,2.0,0.5,False
1464,2016-05-16,0.0,1.0,0.0,1.0,1.0,False
1465,2016-05-17,1.0,6.0,0.0,7.0,0.8571428571428571,True
1466,2016-05-18,3.0,0.0,0.0,3.0,0.0,True
1467,2016-05-19,0.0,6.0,1.0,7.0,0.8571428571428571,False
1468,2016-05-21,0.0,1.0,0.0,1.0,1.0,False
1469,2016-05-22,0.0,1.0,0.0,1.0,1.0,False
1470,2016-05-24,0.0,1.0,0.0,1.0,1.0,True
1471,2016-05-25,0.0,10.0,0.0,10.0,1.0,True
1472,2016-05-29,0.0,1.0,0.0,1.0,1.0,False
1473,2016-05-30,0.0,4.0,3.0,7.0,0.5714285714285714,False
1474,2016-05-31,4.0,0.0,0.0,4.0,0.0,True
1475,2016-06-01,2.0,4.0,1.0,7.0,0.5714285714285714,True
1476,2016-06-02,0.0,0.0,1.0,1.0,0.0,True
1477,2016-06-07,0.0,1.0,0.0,1.0,1.0,True
1478,2016-06-08,0.0,1.0,0.0,1.0,1.0,True
1479,2016-06-12,0.0,2.0,0.0,2.0,1.0,False
1480,2016-06-13,0.0,1.0,0.0,1.0,1.0,True
1481,2016-06-15,0.0,2.0,0.0,2.0,1.0,False
1482,2016-06-16,0.0,3.0,0.0,3.0,1.0,False
1483,2016-06-20,1.0,1.0,0.0,2.0,0.5,True
1484,2016-06-21,2.0,0.0,0.0,2.0,0.0,True
1485,2016-06-23,1.0,0.0,0.0,1.0,0.0,False
1486,2016-06-24,0.0,0.0,1.0,1.0,0.0,False
1487,2016-06-26,0.0,1.0,0.0,1.0,1.0,False
1488,2016-07-02,4.0,0.0,0.0,4.0,0.0,False
1489,2016-07-04,0.0,0.0,1.0,1.0,0.0,False
1490,2016-07-05,0.0,1.0,0.0,1.0,1.0,False
1491,2016-07-06,2.0,0.0,0.0,2.0,0.0,False
1492,2016-07-08,0.0,1.0,1.0,2.0,0.5,False
1493,2016-07-09,0.0,0.0,1.0,1.0,0.0,False
1494,2016-07-11,0.0,1.0,0.0,1.0,1.0,True
1495,2016-07-12,0.0,1.0,0.0,1.0,1.0,False
1496,2016-07-13,1.0,1.0,2.0,4.0,0.25,False
1497,2016-07-14,0.0,1.0,0.0,1.0,1.0,True
1498,2016-07-15,1.0,1.0,0.0,2.0,0.5,True
1499,2016-07-18,0.0,0.0,1.0,1.0,0.0,False
1500,2016-07-24,2.0,1.0,0.0,3.0,0.3333333333333333,False
1501,2016-07-25,0.0,2.0,0.0,2.0,1.0,False
1502,2016-07-27,0.0,1.0,0.0,1.0,1.0,True
1503,2016-07-28,0.0,5.0,1.0,6.0,0.8333333333333334,True
1504,2016-07-30,0.0,1.0,0.0,1.0,1.0,False
1505,2016-08-04,2.0,2.0,0.0,4.0,0.5,False
1506,2016-08-05,1.0,2.0,0.0,3.0,0.6666666666666666,False
1507,2016-08-06,0.0,1.0,0.0,1.0,1.0,False
1508,2016-08-08,1.0,0.0,1.0,2.0,0.0,False
1509,2016-08-15,0.0,1.0,0.0,1.0,1.0,False
1510,2016-08-16,2.0,0.0,1.0,3.0,0.0,False
1511,2016-08-17,0.0,1.0,0.0,1.0,1.0,False
1512,2016-08-18,0.0,1.0,0.0,1.0,1.0,False
1513,2016-08-22,0.0,1.0,2.0,3.0,0.3333333333333333,False
1514,2016-08-23,0.0,1.0,0.0,1.0,1.0,False
1515,2016-08-25,1.0,0.0,0.0,1.0,0.0,False
1516,2016-08-26,1.0,0.0,2.0,3.0,0.0,False
1517,2016-08-27,1.0,1.0,0.0,2.0,0.5,False
1518,2016-08-29,1.0,0.0,0.0,1.0,0.0,False
1519,2016-08-30,0.0,1.0,0.0,1.0,1.0,False
1520,2016-08-31,0.0,1.0,0.0,1.0,1.0,False
1521,2016-09-04,0.0,1.0,0.0,1.0,1.0,False
1522,2016-09-05,1.0,1.0,0.0,2.0,0.5,True
1523,2016-09-06,2.0,1.0,0.0,3.0,0.3333333333333333,True
1524,2016-09-07,1.0,0.0,1.0,2.0,0.0,False
1525,2016-09-08,1.0,3.0,0.0,4.0,0.75,False
1526,2016-09-09,0.0,1.0,0.0,1.0,1.0,False
1527,2016-09-12,1.0,1.0,1.0,3.0,0.3333333333333333,False
1528,2016-09-13,1.0,0.0,0.0,1.0,0.0,False
1529,2016-09-14,0.0,3.0,0.0,3.0,1.0,False
1530,2016-09-18,0.0,1.0,0.0,1.0,1.0,False
1531,2016-09-19,0.0,1.0,1.0,2.0,0.5,False
1532,2016-09-20,1.0,2.0,0.0,3.0,0.6666666666666666,True
1533,2016-09-21,1.0,4.0,2.0,7.0,0.5714285714285714,True
1534,2016-09-22,1.0,2.0,1.0,4.0,0.5,False
1535,2016-09-23,2.0,0.0,1.0,3.0,0.0,False
1536,2016-09-27,0.0,2.0,1.0,3.0,0.6666666666666666,False
1537,2016-09-28,0.0,2.0,0.0,2.0,1.0,False
1538,2016-09-29,0.0,1.0,0.0,1.0,1.0,False
1539,2016-10-01,1.0,0.0,0.0,1.0,0.0,False
1540,2016-10-05,0.0,0.0,1.0,1.0,0.0,True
1541,2016-10-08,0.0,0.0,1.0,1.0,0.0,False
1542,2016-10-11,1.0,1.0,0.0,2.0,0.5,False
1543,2016-10-12,1.0,4.0,0.0,5.0,0.8,False
1544,2016-10-14,1.0,2.0,0.0,3.0,0.6666666666666666,False
1545,2016-10-16,0.0,2.0,0.0,2.0,1.0,False
1546,2016-10-18,1.0,1.0,0.0,2.0,0.5,False
1547,2016-10-20,1.0,1.0,0.0,2.0,0.5,False
1548,2016-10-22,1.0,0.0,0.0,1.0,0.0,False
1549,2016-10-24,0.0,0.0,1.0,1.0,0.0,False
1550,2016-10-25,0.0,1.0,0.0,1.0,1.0,False
1551,2016-10-26,2.0,1.0,0.0,3.0,0.3333333333333333,False
1552,2016-10-27,0.0,0.0,1.0,1.0,0.0,False
1553,2016-10-28,1.0,1.0,0.0,2.0,0.5,False
1554,2016-10-30,0.0,1.0,0.0,1.0,1.0,False
1555,2016-10-31,0.0,1.0,0.0,1.0,1.0,False
1556,2016-11-01,0.0,2.0,0.0,2.0,1.0,True
1557,2016-11-02,1.0,3.0,1.0,5.0,0.6,True
1558,2016-11-03,0.0,2.0,0.0,2.0,1.0,False
1559,2016-11-04,0.0,1.0,0.0,1.0,1.0,False
1560,2016-11-05,1.0,0.0,0.0,1.0,0.0,False
1561,2016-11-15,0.0,1.0,0.0,1.0,1.0,False
1562,2016-11-20,0.0,1.0,0.0,1.0,1.0,False
1563,2016-11-23,1.0,1.0,0.0,2.0,0.5,False
1564,2016-11-25,1.0,1.0,0.0,2.0,0.5,False
1565,2016-11-28,0.0,0.0,1.0,1.0,0.0,False
1566,2016-12-02,0.0,1.0,0.0,1.0,1.0,False
1567,2016-12-03,3.0,1.0,0.0,4.0,0.25,False
1568,2016-12-04,1.0,1.0,1.0,3.0,0.3333333333333333,False
1569,2016-12-05,0.0,1.0,0.0,1.0,1.0,True
1570,2016-12-06,1.0,0.0,0.0,1.0,0.0,True
1571,2016-12-08,1.0,0.0,0.0,1.0,0.0,True
1572,2016-12-09,1.0,0.0,0.0,1.0,0.0,True
1573,2016-12-10,1.0,0.0,0.0,1.0,0.0,False
1574,2016-12-12,2.0,2.0,0.0,4.0,0.5,False
1575,2016-12-13,2.0,1.0,0.0,3.0,0.3333333333333333,True
1576,2016-12-14,0.0,1.0,0.0,1.0,1.0,True
1577,2016-12-15,0.0,1.0,0.0,1.0,1.0,False
1578,2016-12-16,2.0,0.0,0.0,2.0,0.0,False
1579,2016-12-17,1.0,0.0,0.0,1.0,0.0,False
1580,2016-12-18,2.0,0.0,0.0,2.0,0.0,False
1581,2016-12-19,0.0,1.0,0.0,1.0,1.0,False
1582,2016-12-21,0.0,1.0,0.0,1.0,1.0,False
1583,2016-12-22,2.0,0.0,0.0,2.0,0.0,False
1584,2016-12-23,1.0,0.0,1.0,2.0,0.0,True
1585,2016-12-24,0.0,2.0,0.0,2.0,1.0,True
1586,2016-12-26,0.0,2.0,0.0,2.0,1.0,False
1587,2016-12-27,0.0,1.0,0.0,1.0,1.0,False
1588,2016-12-28,0.0,2.0,0.0,2.0,1.0,False
1589,2016-12-30,0.0,5.0,0.0,5.0,1.0,False
1590,2017-01-01,0.0,1.0,0.0,1.0,1.0,False
1591,2017-01-05,1.0,5.0,1.0,7.0,0.7142857142857143,True
1592,2017-01-06,0.0,3.0,1.0,4.0,0.75,False
1593,2017-01-07,0.0,2.0,0.0,2.0,1.0,False
1594,2017-01-08,0.0,1.0,3.0,4.0,0.25,False
1595,2017-01-09,0.0,1.0,0.0,1.0,1.0,False
1596,2017-01-10,0.0,1.0,0.0,1.0,1.0,False
1597,2017-01-12,1.0,1.0,0.0,2.0,0.5,True
1598,2017-01-13,0.0,2.0,0.0,2.0,1.0,True
1599,2017-01-14,0.0,3.0,0.0,3.0,1.0,False
1600,2017-01-15,1.0,0.0,0.0,1.0,0.0,False
1601,2017-01-17,0.0,1.0,0.0,1.0,1.0,True
1602,2017-01-18,0.0,1.0,0.0,1.0,1.0,True
1603,2017-01-19,1.0,0.0,0.0,1.0,0.0,False
1604,2017-01-20,0.0,2.0,0.0,2.0,1.0,False
1605,2017-01-25,0.0,0.0,1.0,1.0,0.0,False
1606,2017-01-26,0.0,4.0,0.0,4.0,1.0,False
1607,2017-01-28,1.0,0.0,0.0,1.0,0.0,False
1608,2017-01-30,0.0,1.0,0.0,1.0,1.0,False
1609,2017-02-01,1.0,1.0,0.0,2.0,0.5,False
1610,2017-02-03,0.0,1.0,0.0,1.0,1.0,False
1611,2017-02-04,1.0,1.0,0.0,2.0,0.5,False
1612,2017-02-05,1.0,1.0,0.0,2.0,0.5,False
1613,2017-02-06,0.0,1.0,0.0,1.0,1.0,False
1614,2017-02-08,0.0,1.0,0.0,1.0,1.0,True
1615,2017-02-11,0.0,1.0,0.0,1.0,1.0,False
1616,2017-02-12,0.0,1.0,0.0,1.0,1.0,False
1617,2017-02-15,0.0,1.0,0.0,1.0,1.0,False
1618,2017-02-17,0.0,1.0,0.0,1.0,1.0,False
1619,2017-02-20,1.0,0.0,0.0,1.0,0.0,False
1620,2017-02-21,1.0,0.0,4.0,5.0,0.0,False
1621,2017-02-23,0.0,1.0,0.0,1.0,1.0,False
1622,2017-02-24,0.0,2.0,0.0,2.0,1.0,False
1623,2017-02-26,1.0,0.0,0.0,1.0,0.0,False
1624,2017-02-28,2.0,0.0,0.0,2.0,0.0,False
1625,2017-03-01,1.0,0.0,1.0,2.0,0.0,True
1626,2017-03-02,0.0,0.0,1.0,1.0,0.0,True
1627,2017-03-03,0.0,1.0,0.0,1.0,1.0,False
1628,2017-03-06,1.0,1.0,0.0,2.0,0.5,True
1629,2017-03-07,4.0,4.0,1.0,9.0,0.4444444444444444,True
1630,2017-03-08,1.0,1.0,1.0,3.0,0.3333333333333333,False
1631,2017-03-09,3.0,0.0,0.0,3.0,0.0,False
1632,2017-03-11,2.0,0.0,0.0,2.0,0.0,False
1633,2017-03-12,0.0,2.0,0.0,2.0,1.0,False
1634,2017-03-15,0.0,1.0,0.0,1.0,1.0,False
1635,2017-03-16,1.0,7.0,2.0,10.0,0.7,False
1636,2017-03-20,0.0,2.0,0.0,2.0,1.0,True
1637,2017-03-22,2.0,1.0,0.0,3.0,0.3333333333333333,False
1638,2017-03-23,0.0,1.0,0.0,1.0,1.0,False
1639,2017-03-28,0.0,1.0,0.0,1.0,1.0,False
1640,2017-03-30,0.0,1.0,0.0,1.0,1.0,False
1641,2017-03-31,0.0,0.0,1.0,1.0,0.0,False
1642,2017-04-02,0.0,1.0,0.0,1.0,1.0,False
1643,2017-04-03,0.0,2.0,0.0,2.0,1.0,True
1644,2017-04-04,0.0,0.0,1.0,1.0,0.0,True
1645,2017-04-05,0.0,5.0,1.0,6.0,0.8333333333333334,True
1646,2017-04-12,0.0,1.0,0.0,1.0,1.0,False
1647,2017-04-15,0.0,1.0,0.0,1.0,1.0,False
1648,2017-04-19,0.0,1.0,0.0,1.0,1.0,False
1649,2017-04-20,2.0,6.0,0.0,8.0,0.75,False
1650,2017-04-22,0.0,2.0,0.0,2.0,1.0,False
1651,2017-04-25,0.0,2.0,0.0,2.0,1.0,True
1652,2017-05-01,0.0,1.0,0.0,1.0,1.0,True
1653,2017-05-02,0.0,2.0,0.0,2.0,1.0,True
1654,2017-05-05,4.0,6.0,0.0,10.0,0.6,False
1655,2017-05-06,2.0,0.0,1.0,3.0,0.0,False
1656,2017-05-07,0.0,1.0,0.0,1.0,1.0,False
1657,2017-05-08,1.0,2.0,1.0,4.0,0.5,False
1658,2017-05-09,2.0,2.0,0.0,4.0,0.5,False
1659,2017-05-10,1.0,1.0,2.0,4.0,0.25,False
1660,2017-05-12,2.0,0.0,0.0,2.0,0.0,False
1661,2017-05-15,1.0,1.0,0.0,2.0,0.5,False
1662,2017-05-16,1.0,0.0,0.0,1.0,0.0,True
1663,2017-05-17,0.0,1.0,0.0,1.0,1.0,True
1664,2017-05-18,3.0,2.0,1.0,6.0,0.3333333333333333,False
1665,2017-05-19,0.0,1.0,0.0,1.0,1.0,False
1666,2017-05-22,1.0,5.0,0.0,6.0,0.8333333333333334,False
1667,2017-05-30,0.0,3.0,0.0,3.0,1.0,False
1668,2017-05-31,0.0,0.0,1.0,1.0,0.0,False
1669,2017-06-07,0.0,2.0,0.0,2.0,1.0,True
1670,2017-06-08,0.0,3.0,0.0,3.0,1.0,False
1671,2017-06-10,0.0,0.0,1.0,1.0,0.0,True
1672,2017-06-11,0.0,4.0,1.0,5.0,0.8,True
1673,2017-06-12,0.0,0.0,4.0,4.0,0.0,False
1674,2017-06-13,3.0,3.0,0.0,6.0,0.5,False
1675,2017-06-14,0.0,1.0,0.0,1.0,1.0,False
1676,2017-06-16,1.0,1.0,0.0,2.0,0.5,False
1677,2017-06-17,1.0,0.0,0.0,1.0,0.0,False
1678,2017-06-18,0.0,1.0,0.0,1.0,1.0,False
1679,2017-06-19,0.0,0.0,1.0,1.0,0.0,False
1680,2017-06-20,1.0,2.0,0.0,3.0,0.6666666666666666,False
1681,2017-06-21,1.0,1.0,0.0,2.0,0.5,False
1682,2017-06-23,0.0,0.0,1.0,1.0,0.0,False
1683,2017-06-25,0.0,2.0,0.0,2.0,1.0,False
1684,2017-06-28,2.0,3.0,0.0,5.0,0.6,False
1685,2017-06-29,0.0,0.0,1.0,1.0,0.0,False
1686,2017-06-30,2.0,3.0,1.0,6.0,0.5,False
1687,2017-07-01,0.0,0.0,1.0,1.0,0.0,False
1688,2017-07-05,0.0,1.0,0.0,1.0,1.0,False
1689,2017-07-06,1.0,1.0,1.0,3.0,0.3333333333333333,False
1690,2017-07-07,0.0,1.0,1.0,2.0,0.5,False
1691,2017-07-08,0.0,1.0,0.0,1.0,1.0,False
1692,2017-07-09,0.0,3.0,0.0,3.0,1.0,False
1693,2017-07-11,0.0,1.0,0.0,1.0,1.0,True
1694,2017-07-12,0.0,2.0,0.0,2.0,1.0,True
1695,2017-07-14,2.0,1.0,0.0,3.0,0.3333333333333333,False
1696,2017-07-15,1.0,0.0,0.0,1.0,0.0,False
1697,2017-07-16,1.0,2.0,0.0,3.0,0.6666666666666666,False
1698,2017-07-21,2.0,2.0,1.0,5.0,0.4,False
1699,2017-08-02,1.0,0.0,0.0,1.0,0.0,False
1700,2017-08-07,3.0,0.0,2.0,5.0,0.0,False
1701,2017-08-11,0.0,4.0,0.0,4.0,1.0,False
1702,2017-08-14,0.0,0.0,1.0,1.0,0.0,False
1703,2017-08-22,0.0,0.0,1.0,1.0,0.0,False
1704,2017-08-23,1.0,1.0,0.0,2.0,0.5,False
1705,2017-08-25,0.0,2.0,0.0,2.0,1.0,False
1706,2017-08-26,1.0,2.0,0.0,3.0,0.6666666666666666,False
1707,2017-08-27,0.0,1.0,0.0,1.0,1.0,False
1708,2017-08-31,0.0,2.0,1.0,3.0,0.6666666666666666,False
1709,2017-09-02,1.0,0.0,0.0,1.0,0.0,False
1710,2017-09-04,0.0,3.0,0.0,3.0,1.0,True
1711,2017-09-06,0.0,1.0,0.0,1.0,1.0,True
1712,2017-09-12,0.0,1.0,0.0,1.0,1.0,False
1713,2017-09-14,1.0,0.0,0.0,1.0,0.0,False
1714,2017-09-18,0.0,1.0,0.0,1.0,1.0,False
1715,2017-09-20,0.0,1.0,0.0,1.0,1.0,False
1716,2017-09-21,0.0,0.0,1.0,1.0,0.0,False
1717,2017-09-23,0.0,1.0,0.0,1.0,1.0,False
1718,2017-09-26,0.0,2.0,0.0,2.0,1.0,False
1719,2017-09-28,0.0,0.0,1.0,1.0,0.0,False
1720,2017-10-02,0.0,0.0,1.0,1.0,0.0,True
1721,2017-10-05,0.0,2.0,0.0,2.0,1.0,False
1722,2017-10-07,1.0,1.0,0.0,2.0,0.5,True
1723,2017-10-08,0.0,2.0,0.0,2.0,1.0,False
1724,2017-10-17,5.0,1.0,0.0,6.0,0.16666666666666666,True
1725,2017-10-19,0.0,1.0,1.0,2.0,0.5,False
1726,2017-10-22,0.0,1.0,0.0,1.0,1.0,False
1727,2017-10-26,0.0,1.0,0.0,1.0,1.0,False
1728,2017-10-30,1.0,0.0,0.0,1.0,0.0,False
1729,2017-11-04,0.0,1.0,0.0,1.0,1.0,False
1730,2017-11-05,1.0,0.0,0.0,1.0,0.0,False
1731,2017-11-09,0.0,0.0,1.0,1.0,0.0,False
1732,2017-11-13,0.0,0.0,1.0,1.0,0.0,False
1733,2017-11-14,0.0,0.0,1.0,1.0,0.0,False
1734,2017-11-19,0.0,1.0,2.0,3.0,0.3333333333333333,False
1735,2017-11-20,0.0,3.0,0.0,3.0,1.0,False
1736,2017-11-24,0.0,1.0,0.0,1.0,1.0,False
1737,2017-11-29,0.0,1.0,0.0,1.0,1.0,False
1738,===,5.0,1.0,3.0,9.0,0.1111111111111111,False
