close_date,ApproveAfterChange,DirectlyApprove,Rejected,TotalReview,DirectlyApproveRate,ApproveAfterChangeRate,CloseToReleaseDate
2012-07-04,0.0,7.0,0.0,7.0,1.0,0.0,True
2012-07-05,1.0,3.0,0.0,4.0,0.75,0.25,True
2012-07-09,0.0,0.0,1.0,1.0,0.0,0.0,False
2012-07-12,0.0,3.0,1.0,4.0,0.75,0.0,False
2012-07-13,1.0,6.0,2.0,9.0,0.6666666666666666,0.1111111111111111,False
2012-07-16,0.0,7.0,0.0,7.0,1.0,0.0,True
2012-07-17,0.0,3.0,0.0,3.0,1.0,0.0,True
2012-07-18,0.0,1.0,0.0,1.0,1.0,0.0,True
2012-07-19,2.0,3.0,1.0,6.0,0.5,0.3333333333333333,True
2012-07-20,0.0,3.0,0.0,3.0,1.0,0.0,False
2012-07-23,1.0,0.0,0.0,1.0,0.0,1.0,True
2012-07-24,0.0,8.0,0.0,8.0,1.0,0.0,True
2012-07-25,2.0,4.0,0.0,6.0,0.6666666666666666,0.3333333333333333,True
2012-07-26,0.0,7.0,1.0,8.0,0.875,0.0,True
2012-07-27,1.0,2.0,1.0,4.0,0.5,0.25,False
2012-07-30,3.0,1.0,0.0,4.0,0.25,0.75,True
2012-08-02,1.0,5.0,3.0,9.0,0.5555555555555556,0.1111111111111111,True
2012-08-03,2.0,4.0,1.0,7.0,0.5714285714285714,0.2857142857142857,True
2012-08-04,0.0,1.0,0.0,1.0,1.0,0.0,False
2012-08-06,0.0,3.0,0.0,3.0,1.0,0.0,True
2012-08-07,2.0,2.0,0.0,4.0,0.5,0.5,True
2012-08-08,1.0,2.0,0.0,3.0,0.6666666666666666,0.3333333333333333,True
2012-08-09,3.0,6.0,0.0,9.0,0.6666666666666666,0.3333333333333333,True
2012-08-10,0.0,3.0,0.0,3.0,1.0,0.0,True
2012-08-13,0.0,3.0,0.0,3.0,1.0,0.0,True
2012-08-14,2.0,1.0,1.0,4.0,0.25,0.5,True
2012-08-15,0.0,7.0,3.0,10.0,0.7,0.0,True
2012-08-16,1.0,1.0,0.0,2.0,0.5,0.5,True
2012-08-17,1.0,4.0,0.0,5.0,0.8,0.2,True
2012-08-20,1.0,1.0,0.0,2.0,0.5,0.5,True
2012-08-21,2.0,13.0,1.0,16.0,0.8125,0.125,True
2012-08-22,2.0,3.0,0.0,5.0,0.6,0.4,True
2012-08-23,2.0,8.0,2.0,12.0,0.6666666666666666,0.16666666666666666,True
2012-08-24,2.0,8.0,0.0,10.0,0.8,0.2,True
2012-08-27,0.0,11.0,0.0,11.0,1.0,0.0,True
2012-08-28,1.0,4.0,0.0,5.0,0.8,0.2,True
2012-08-29,4.0,8.0,5.0,17.0,0.4705882352941176,0.2352941176470588,True
2012-08-30,0.0,13.0,0.0,13.0,1.0,0.0,True
2012-08-31,1.0,9.0,0.0,10.0,0.9,0.1,True
2012-09-01,0.0,4.0,0.0,4.0,1.0,0.0,False
2012-09-04,0.0,11.0,4.0,15.0,0.7333333333333333,0.0,True
2012-09-05,0.0,13.0,0.0,13.0,1.0,0.0,True
2012-09-06,1.0,9.0,0.0,10.0,0.9,0.1,True
2012-09-07,0.0,6.0,0.0,6.0,1.0,0.0,True
2012-09-09,1.0,0.0,0.0,1.0,0.0,1.0,True
2012-09-10,1.0,2.0,1.0,4.0,0.5,0.25,True
2012-09-11,0.0,2.0,0.0,2.0,1.0,0.0,True
2012-09-12,0.0,6.0,0.0,6.0,1.0,0.0,True
2012-09-13,1.0,3.0,4.0,8.0,0.375,0.125,True
2012-09-14,0.0,1.0,0.0,1.0,1.0,0.0,True
2012-09-17,0.0,6.0,0.0,6.0,1.0,0.0,True
2012-09-18,1.0,2.0,0.0,3.0,0.6666666666666666,0.3333333333333333,True
2012-09-19,2.0,5.0,1.0,8.0,0.625,0.25,True
2012-09-20,0.0,3.0,0.0,3.0,1.0,0.0,True
2012-09-21,1.0,4.0,1.0,6.0,0.6666666666666666,0.16666666666666666,False
2012-09-24,0.0,2.0,4.0,6.0,0.3333333333333333,0.0,True
2012-09-25,0.0,5.0,0.0,5.0,1.0,0.0,True
2012-09-26,0.0,0.0,3.0,3.0,0.0,0.0,True
2012-09-27,1.0,3.0,3.0,7.0,0.42857142857142855,0.14285714285714285,False
2012-09-28,1.0,3.0,0.0,4.0,0.75,0.25,False
2012-10-01,0.0,3.0,0.0,3.0,1.0,0.0,True
2012-10-02,1.0,1.0,2.0,4.0,0.25,0.25,True
2012-10-03,1.0,2.0,1.0,4.0,0.5,0.25,True
2012-10-04,3.0,2.0,0.0,5.0,0.4,0.6,True
2012-10-05,5.0,1.0,0.0,6.0,0.16666666666666666,0.8333333333333334,True
2012-10-09,1.0,5.0,1.0,7.0,0.7142857142857143,0.14285714285714285,False
2012-10-10,0.0,3.0,0.0,3.0,1.0,0.0,False
2012-10-11,0.0,2.0,0.0,2.0,1.0,0.0,True
2012-10-12,2.0,1.0,0.0,3.0,0.3333333333333333,0.6666666666666666,True
2012-10-15,0.0,2.0,2.0,4.0,0.5,0.0,True
2012-10-16,0.0,7.0,0.0,7.0,1.0,0.0,True
2012-10-17,0.0,1.0,0.0,1.0,1.0,0.0,True
2012-10-19,0.0,1.0,0.0,1.0,1.0,0.0,True
2012-10-22,3.0,7.0,0.0,10.0,0.7,0.3,True
2012-10-23,4.0,7.0,0.0,11.0,0.6363636363636364,0.3636363636363637,True
2012-10-25,4.0,1.0,0.0,5.0,0.2,0.8,True
2012-10-26,1.0,3.0,0.0,4.0,0.75,0.25,True
2012-10-29,5.0,3.0,0.0,8.0,0.375,0.625,True
2012-10-30,0.0,8.0,1.0,9.0,0.8888888888888888,0.0,True
2012-10-31,2.0,0.0,1.0,3.0,0.0,0.6666666666666666,True
2012-11-01,1.0,3.0,0.0,4.0,0.75,0.25,True
2012-11-02,2.0,3.0,0.0,5.0,0.6,0.4,False
2012-11-05,0.0,4.0,0.0,4.0,1.0,0.0,True
2012-11-06,1.0,1.0,2.0,4.0,0.25,0.25,True
2012-11-07,2.0,0.0,0.0,2.0,0.0,1.0,True
2012-11-08,0.0,4.0,0.0,4.0,1.0,0.0,True
2012-11-09,2.0,0.0,0.0,2.0,0.0,1.0,True
2012-11-12,1.0,1.0,0.0,2.0,0.5,0.5,True
2012-11-13,0.0,2.0,0.0,2.0,1.0,0.0,True
2012-11-14,1.0,1.0,0.0,2.0,0.5,0.5,True
2012-11-15,1.0,7.0,0.0,8.0,0.875,0.125,True
2012-11-16,9.0,0.0,1.0,10.0,0.0,0.9,False
2012-11-19,1.0,4.0,4.0,9.0,0.4444444444444444,0.1111111111111111,True
2012-11-20,3.0,5.0,1.0,9.0,0.5555555555555556,0.3333333333333333,True
2012-11-21,2.0,0.0,0.0,2.0,0.0,1.0,True
2012-11-22,1.0,1.0,0.0,2.0,0.5,0.5,True
2012-11-23,4.0,3.0,1.0,8.0,0.375,0.5,True
2012-11-26,1.0,0.0,0.0,1.0,0.0,1.0,True
2012-11-27,1.0,0.0,1.0,2.0,0.0,0.5,True
2012-11-28,1.0,8.0,1.0,10.0,0.8,0.1,True
2012-11-29,7.0,2.0,2.0,11.0,0.18181818181818185,0.6363636363636364,True
2012-11-30,2.0,2.0,0.0,4.0,0.5,0.5,True
2012-12-03,0.0,3.0,0.0,3.0,1.0,0.0,True
2012-12-04,1.0,6.0,0.0,7.0,0.8571428571428571,0.14285714285714285,True
2012-12-05,3.0,5.0,0.0,8.0,0.625,0.375,True
2012-12-06,1.0,4.0,2.0,7.0,0.5714285714285714,0.14285714285714285,True
2012-12-07,3.0,1.0,0.0,4.0,0.25,0.75,True
2012-12-10,2.0,1.0,0.0,3.0,0.3333333333333333,0.6666666666666666,True
2012-12-11,0.0,2.0,1.0,3.0,0.6666666666666666,0.0,True
2012-12-12,0.0,8.0,2.0,10.0,0.8,0.0,True
2012-12-13,2.0,4.0,1.0,7.0,0.5714285714285714,0.2857142857142857,True
2012-12-14,4.0,5.0,1.0,10.0,0.5,0.4,False
2012-12-17,2.0,2.0,0.0,4.0,0.5,0.5,True
2012-12-18,1.0,3.0,0.0,4.0,0.75,0.25,True
2012-12-19,0.0,1.0,0.0,1.0,1.0,0.0,True
2012-12-20,0.0,2.0,0.0,2.0,1.0,0.0,True
2012-12-21,1.0,2.0,0.0,3.0,0.6666666666666666,0.3333333333333333,True
2012-12-29,0.0,1.0,0.0,1.0,1.0,0.0,False
2013-01-02,2.0,2.0,0.0,4.0,0.5,0.5,False
2013-01-03,1.0,2.0,0.0,3.0,0.6666666666666666,0.3333333333333333,False
2013-01-04,2.0,23.0,1.0,26.0,0.8846153846153846,0.07692307692307693,False
2013-01-07,5.0,2.0,2.0,9.0,0.2222222222222222,0.5555555555555556,True
2013-01-08,3.0,9.0,1.0,13.0,0.6923076923076923,0.2307692307692308,True
2013-01-09,5.0,5.0,0.0,10.0,0.5,0.5,True
2013-01-10,2.0,14.0,0.0,16.0,0.875,0.125,True
2013-01-11,6.0,9.0,0.0,15.0,0.6,0.4,True
2013-01-14,0.0,7.0,0.0,7.0,1.0,0.0,True
2013-01-15,8.0,6.0,0.0,14.0,0.42857142857142855,0.5714285714285714,True
2013-01-16,3.0,2.0,1.0,6.0,0.3333333333333333,0.5,True
2013-01-17,2.0,4.0,0.0,6.0,0.6666666666666666,0.3333333333333333,False
2013-01-18,3.0,8.0,3.0,14.0,0.5714285714285714,0.21428571428571427,False
2013-01-19,0.0,1.0,0.0,1.0,1.0,0.0,False
2013-01-21,2.0,11.0,1.0,14.0,0.7857142857142857,0.14285714285714285,True
2013-01-22,3.0,5.0,1.0,9.0,0.5555555555555556,0.3333333333333333,True
2013-01-23,2.0,2.0,1.0,5.0,0.4,0.4,True
2013-01-24,2.0,6.0,0.0,8.0,0.75,0.25,True
2013-01-25,5.0,1.0,0.0,6.0,0.16666666666666666,0.8333333333333334,True
2013-01-26,0.0,1.0,0.0,1.0,1.0,0.0,False
2013-01-28,6.0,10.0,1.0,17.0,0.5882352941176471,0.35294117647058826,True
2013-01-29,3.0,6.0,0.0,9.0,0.6666666666666666,0.3333333333333333,True
2013-01-30,3.0,9.0,1.0,13.0,0.6923076923076923,0.2307692307692308,True
2013-01-31,5.0,9.0,1.0,15.0,0.6,0.3333333333333333,False
2013-02-01,3.0,2.0,2.0,7.0,0.2857142857142857,0.42857142857142855,False
2013-02-04,0.0,7.0,2.0,9.0,0.7777777777777778,0.0,True
2013-02-05,7.0,3.0,5.0,15.0,0.2,0.4666666666666667,True
2013-02-06,1.0,7.0,1.0,9.0,0.7777777777777778,0.1111111111111111,True
2013-02-07,2.0,2.0,0.0,4.0,0.5,0.5,True
2013-02-08,3.0,5.0,2.0,10.0,0.5,0.3,True
2013-02-09,0.0,1.0,0.0,1.0,1.0,0.0,False
2013-02-11,4.0,2.0,2.0,8.0,0.25,0.5,True
2013-02-12,5.0,3.0,0.0,8.0,0.375,0.625,True
2013-02-13,0.0,1.0,0.0,1.0,1.0,0.0,True
2013-02-14,3.0,4.0,0.0,7.0,0.5714285714285714,0.42857142857142855,True
2013-02-18,1.0,0.0,0.0,1.0,0.0,1.0,True
2013-02-19,6.0,4.0,0.0,10.0,0.4,0.6,True
2013-02-20,3.0,3.0,0.0,6.0,0.5,0.5,True
2013-02-21,2.0,2.0,0.0,4.0,0.5,0.5,True
2013-02-22,4.0,2.0,1.0,7.0,0.2857142857142857,0.5714285714285714,True
2013-02-25,2.0,4.0,0.0,6.0,0.6666666666666666,0.3333333333333333,True
2013-02-26,8.0,6.0,0.0,14.0,0.42857142857142855,0.5714285714285714,True
2013-02-27,4.0,2.0,0.0,6.0,0.3333333333333333,0.6666666666666666,True
2013-02-28,6.0,8.0,0.0,14.0,0.5714285714285714,0.42857142857142855,True
2013-03-01,0.0,9.0,0.0,9.0,1.0,0.0,True
2013-03-04,5.0,8.0,0.0,13.0,0.6153846153846154,0.38461538461538464,True
2013-03-05,1.0,6.0,0.0,7.0,0.8571428571428571,0.14285714285714285,True
2013-03-06,2.0,3.0,1.0,6.0,0.5,0.3333333333333333,True
2013-03-07,2.0,2.0,0.0,4.0,0.5,0.5,True
2013-03-08,1.0,1.0,0.0,2.0,0.5,0.5,True
2013-03-11,2.0,4.0,0.0,6.0,0.6666666666666666,0.3333333333333333,True
2013-03-12,1.0,3.0,0.0,4.0,0.75,0.25,True
2013-03-13,7.0,5.0,0.0,12.0,0.4166666666666667,0.5833333333333334,True
2013-03-14,6.0,3.0,6.0,15.0,0.2,0.4,True
2013-03-15,3.0,3.0,0.0,6.0,0.5,0.5,True
2013-03-18,1.0,3.0,0.0,4.0,0.75,0.25,True
2013-03-19,2.0,1.0,0.0,3.0,0.3333333333333333,0.6666666666666666,False
2013-03-20,3.0,4.0,0.0,7.0,0.5714285714285714,0.42857142857142855,True
2013-03-21,1.0,2.0,0.0,3.0,0.6666666666666666,0.3333333333333333,True
2013-03-22,2.0,2.0,0.0,4.0,0.5,0.5,True
2013-03-23,2.0,1.0,0.0,3.0,0.3333333333333333,0.6666666666666666,False
2013-03-25,1.0,6.0,2.0,9.0,0.6666666666666666,0.1111111111111111,False
2013-03-26,3.0,12.0,2.0,17.0,0.7058823529411765,0.17647058823529413,False
2013-03-27,1.0,8.0,0.0,9.0,0.8888888888888888,0.1111111111111111,False
2013-03-28,3.0,2.0,0.0,5.0,0.4,0.6,False
2013-03-29,1.0,2.0,0.0,3.0,0.6666666666666666,0.3333333333333333,False
2013-03-30,0.0,1.0,0.0,1.0,1.0,0.0,False
2013-04-01,1.0,2.0,0.0,3.0,0.6666666666666666,0.3333333333333333,True
2013-04-02,2.0,5.0,0.0,7.0,0.7142857142857143,0.2857142857142857,True
2013-04-03,2.0,1.0,0.0,3.0,0.3333333333333333,0.6666666666666666,False
2013-04-04,1.0,2.0,0.0,3.0,0.6666666666666666,0.3333333333333333,False
2013-04-05,3.0,6.0,0.0,9.0,0.6666666666666666,0.3333333333333333,False
2013-04-08,2.0,5.0,1.0,8.0,0.625,0.25,True
2013-04-09,3.0,3.0,0.0,6.0,0.5,0.5,True
2013-04-10,4.0,3.0,1.0,8.0,0.375,0.5,False
2013-04-11,3.0,4.0,2.0,9.0,0.4444444444444444,0.3333333333333333,False
2013-04-12,7.0,7.0,3.0,17.0,0.4117647058823529,0.4117647058823529,False
2013-04-16,0.0,1.0,0.0,1.0,1.0,0.0,False
2013-04-17,1.0,1.0,1.0,3.0,0.3333333333333333,0.3333333333333333,False
2013-04-18,1.0,3.0,1.0,5.0,0.6,0.2,False
2013-04-22,5.0,1.0,1.0,7.0,0.14285714285714285,0.7142857142857143,True
2013-04-23,3.0,3.0,0.0,6.0,0.5,0.5,False
2013-04-24,5.0,6.0,0.0,11.0,0.5454545454545454,0.4545454545454545,False
2013-04-25,2.0,13.0,1.0,16.0,0.8125,0.125,False
2013-04-26,1.0,4.0,2.0,7.0,0.5714285714285714,0.14285714285714285,True
2013-04-29,4.0,5.0,2.0,11.0,0.4545454545454545,0.3636363636363637,True
2013-04-30,4.0,12.0,0.0,16.0,0.75,0.25,True
2013-05-01,5.0,2.0,0.0,7.0,0.2857142857142857,0.7142857142857143,True
2013-05-02,5.0,2.0,2.0,9.0,0.2222222222222222,0.5555555555555556,False
2013-05-03,0.0,1.0,0.0,1.0,1.0,0.0,False
2013-05-06,3.0,0.0,0.0,3.0,0.0,1.0,True
2013-05-07,0.0,7.0,0.0,7.0,1.0,0.0,True
2013-05-08,2.0,4.0,0.0,6.0,0.6666666666666666,0.3333333333333333,True
2013-05-09,3.0,10.0,1.0,14.0,0.7142857142857143,0.21428571428571427,True
2013-05-10,7.0,4.0,1.0,12.0,0.3333333333333333,0.5833333333333334,True
2013-05-13,4.0,3.0,0.0,7.0,0.42857142857142855,0.5714285714285714,True
2013-05-14,2.0,2.0,0.0,4.0,0.5,0.5,True
2013-05-15,3.0,4.0,1.0,8.0,0.5,0.375,True
2013-05-16,2.0,7.0,0.0,9.0,0.7777777777777778,0.2222222222222222,True
2013-05-17,4.0,1.0,0.0,5.0,0.2,0.8,True
2013-05-18,1.0,0.0,0.0,1.0,0.0,1.0,False
2013-05-20,0.0,1.0,0.0,1.0,1.0,0.0,True
2013-05-21,0.0,7.0,0.0,7.0,1.0,0.0,True
2013-05-22,5.0,2.0,0.0,7.0,0.2857142857142857,0.7142857142857143,True
2013-05-23,6.0,6.0,2.0,14.0,0.42857142857142855,0.42857142857142855,True
2013-05-24,3.0,6.0,4.0,13.0,0.4615384615384616,0.2307692307692308,False
2013-05-27,1.0,12.0,2.0,15.0,0.8,0.06666666666666668,True
2013-05-28,2.0,11.0,7.0,20.0,0.55,0.1,True
2013-05-29,4.0,6.0,6.0,16.0,0.375,0.25,True
2013-05-30,4.0,8.0,3.0,15.0,0.5333333333333333,0.26666666666666666,True
2013-05-31,3.0,2.0,3.0,8.0,0.25,0.375,True
2013-06-03,4.0,5.0,0.0,9.0,0.5555555555555556,0.4444444444444444,True
2013-06-04,9.0,8.0,1.0,18.0,0.4444444444444444,0.5,True
2013-06-05,3.0,2.0,1.0,6.0,0.3333333333333333,0.5,True
2013-06-06,2.0,2.0,0.0,4.0,0.5,0.5,True
2013-06-07,2.0,2.0,0.0,4.0,0.5,0.5,True
2013-06-10,1.0,5.0,2.0,8.0,0.625,0.125,True
2013-06-11,1.0,5.0,2.0,8.0,0.625,0.125,True
2013-06-12,1.0,0.0,0.0,1.0,0.0,1.0,False
2013-06-13,1.0,0.0,0.0,1.0,0.0,1.0,False
2013-06-14,5.0,1.0,0.0,6.0,0.16666666666666666,0.8333333333333334,True
2013-06-17,1.0,0.0,0.0,1.0,0.0,1.0,True
2013-06-18,0.0,1.0,0.0,1.0,1.0,0.0,True
2013-06-19,0.0,1.0,1.0,2.0,0.5,0.0,True
2013-06-21,0.0,1.0,4.0,5.0,0.2,0.0,True
2013-06-24,0.0,1.0,1.0,2.0,0.5,0.0,True
2013-06-25,0.0,0.0,2.0,2.0,0.0,0.0,False
2013-06-26,3.0,1.0,2.0,6.0,0.16666666666666666,0.5,False
2013-06-27,0.0,2.0,0.0,2.0,1.0,0.0,True
2013-06-28,0.0,0.0,2.0,2.0,0.0,0.0,True
2013-07-01,0.0,1.0,0.0,1.0,1.0,0.0,False
2013-07-02,3.0,0.0,1.0,4.0,0.0,0.75,False
2013-07-03,1.0,4.0,1.0,6.0,0.6666666666666666,0.16666666666666666,True
2013-07-04,5.0,2.0,1.0,8.0,0.25,0.625,True
2013-07-05,2.0,2.0,0.0,4.0,0.5,0.5,False
2013-07-08,0.0,0.0,2.0,2.0,0.0,0.0,True
2013-07-09,3.0,2.0,0.0,5.0,0.4,0.6,False
2013-07-10,1.0,0.0,1.0,2.0,0.0,0.5,False
2013-07-11,0.0,1.0,1.0,2.0,0.5,0.0,False
2013-07-12,3.0,0.0,2.0,5.0,0.0,0.6,False
2013-07-15,0.0,0.0,2.0,2.0,0.0,0.0,True
2013-07-16,1.0,0.0,0.0,1.0,0.0,1.0,True
2013-07-17,3.0,1.0,0.0,4.0,0.25,0.75,True
2013-07-18,4.0,0.0,1.0,5.0,0.0,0.8,True
2013-07-19,2.0,0.0,1.0,3.0,0.0,0.6666666666666666,False
2013-07-20,0.0,1.0,0.0,1.0,1.0,0.0,False
2013-07-23,1.0,0.0,0.0,1.0,0.0,1.0,True
2013-07-25,2.0,2.0,0.0,4.0,0.5,0.5,False
2013-07-29,3.0,1.0,5.0,9.0,0.1111111111111111,0.3333333333333333,True
2013-07-30,8.0,4.0,1.0,13.0,0.3076923076923077,0.6153846153846154,True
2013-07-31,6.0,3.0,2.0,11.0,0.2727272727272727,0.5454545454545454,False
2013-08-01,4.0,4.0,0.0,8.0,0.5,0.5,True
2013-08-02,1.0,0.0,1.0,2.0,0.0,0.5,True
2013-08-05,3.0,2.0,1.0,6.0,0.3333333333333333,0.5,True
2013-08-06,5.0,2.0,1.0,8.0,0.25,0.625,True
2013-08-07,3.0,2.0,0.0,5.0,0.4,0.6,False
2013-08-08,3.0,0.0,4.0,7.0,0.0,0.42857142857142855,False
2013-08-09,3.0,2.0,0.0,5.0,0.4,0.6,False
2013-08-12,2.0,0.0,0.0,2.0,0.0,1.0,True
2013-08-13,2.0,1.0,0.0,3.0,0.3333333333333333,0.6666666666666666,True
2013-08-15,1.0,1.0,1.0,3.0,0.3333333333333333,0.3333333333333333,False
2013-08-16,5.0,2.0,4.0,11.0,0.18181818181818185,0.4545454545454545,False
2013-08-19,2.0,1.0,0.0,3.0,0.3333333333333333,0.6666666666666666,True
2013-08-20,4.0,2.0,0.0,6.0,0.3333333333333333,0.6666666666666666,True
2013-08-21,0.0,4.0,0.0,4.0,1.0,0.0,False
2013-08-22,4.0,7.0,1.0,12.0,0.5833333333333334,0.3333333333333333,False
2013-08-24,1.0,0.0,0.0,1.0,0.0,1.0,False
2013-08-26,1.0,1.0,0.0,2.0,0.5,0.5,True
2013-08-27,1.0,6.0,1.0,8.0,0.75,0.125,True
2013-08-28,2.0,11.0,0.0,13.0,0.8461538461538461,0.15384615384615385,True
2013-08-29,2.0,1.0,0.0,3.0,0.3333333333333333,0.6666666666666666,True
2013-08-30,0.0,1.0,0.0,1.0,1.0,0.0,True
2013-08-31,2.0,0.0,0.0,2.0,0.0,1.0,False
2013-09-03,3.0,4.0,0.0,7.0,0.5714285714285714,0.42857142857142855,True
2013-09-04,6.0,3.0,2.0,11.0,0.2727272727272727,0.5454545454545454,True
2013-09-05,3.0,2.0,1.0,6.0,0.3333333333333333,0.5,True
2013-09-06,1.0,0.0,1.0,2.0,0.0,0.5,True
2013-09-09,3.0,1.0,0.0,4.0,0.25,0.75,True
2013-09-10,3.0,7.0,2.0,12.0,0.5833333333333334,0.25,True
2013-09-11,1.0,6.0,1.0,8.0,0.75,0.125,True
2013-09-12,2.0,2.0,0.0,4.0,0.5,0.5,True
2013-09-13,3.0,1.0,1.0,5.0,0.2,0.6,True
2013-09-16,5.0,2.0,0.0,7.0,0.2857142857142857,0.7142857142857143,True
2013-09-17,5.0,1.0,0.0,6.0,0.16666666666666666,0.8333333333333334,True
2013-09-18,0.0,1.0,1.0,2.0,0.5,0.0,True
2013-09-20,0.0,2.0,0.0,2.0,1.0,0.0,True
2013-09-23,0.0,0.0,1.0,1.0,0.0,0.0,True
2013-09-24,1.0,1.0,2.0,4.0,0.25,0.25,True
2013-09-25,0.0,0.0,1.0,1.0,0.0,0.0,False
2013-09-26,2.0,1.0,1.0,4.0,0.25,0.5,True
2013-09-27,2.0,1.0,1.0,4.0,0.25,0.5,True
2013-09-30,4.0,0.0,0.0,4.0,0.0,1.0,True
2013-10-01,1.0,2.0,0.0,3.0,0.6666666666666666,0.3333333333333333,True
2013-10-02,2.0,2.0,0.0,4.0,0.5,0.5,True
2013-10-03,5.0,2.0,0.0,7.0,0.2857142857142857,0.7142857142857143,True
2013-10-04,2.0,2.0,1.0,5.0,0.4,0.4,True
2013-10-08,0.0,2.0,0.0,2.0,1.0,0.0,True
2013-10-09,4.0,1.0,1.0,6.0,0.16666666666666666,0.6666666666666666,True
2013-10-10,0.0,0.0,2.0,2.0,0.0,0.0,True
2013-10-11,1.0,0.0,0.0,1.0,0.0,1.0,True
2013-10-15,1.0,0.0,0.0,1.0,0.0,1.0,False
2013-10-16,2.0,1.0,1.0,4.0,0.25,0.5,False
2013-10-17,3.0,3.0,4.0,10.0,0.3,0.3,True
2013-10-18,1.0,1.0,0.0,2.0,0.5,0.5,True
2013-10-21,2.0,2.0,0.0,4.0,0.5,0.5,True
2013-10-22,1.0,0.0,0.0,1.0,0.0,1.0,True
2013-10-23,2.0,1.0,0.0,3.0,0.3333333333333333,0.6666666666666666,True
2013-10-24,0.0,2.0,0.0,2.0,1.0,0.0,False
2013-10-25,3.0,1.0,1.0,5.0,0.2,0.6,False
2013-10-28,1.0,0.0,0.0,1.0,0.0,1.0,True
2013-10-29,0.0,1.0,0.0,1.0,1.0,0.0,True
2013-10-30,3.0,0.0,0.0,3.0,0.0,1.0,True
2013-10-31,2.0,1.0,0.0,3.0,0.3333333333333333,0.6666666666666666,False
2013-11-04,4.0,0.0,0.0,4.0,0.0,1.0,True
2013-11-05,2.0,1.0,0.0,3.0,0.3333333333333333,0.6666666666666666,True
2013-11-06,4.0,4.0,1.0,9.0,0.4444444444444444,0.4444444444444444,False
2013-11-07,0.0,3.0,2.0,5.0,0.6,0.0,False
2013-11-08,2.0,0.0,0.0,2.0,0.0,1.0,False
2013-11-11,0.0,2.0,0.0,2.0,1.0,0.0,True
2013-11-12,1.0,2.0,0.0,3.0,0.6666666666666666,0.3333333333333333,True
2013-11-13,1.0,3.0,0.0,4.0,0.75,0.25,True
2013-11-14,1.0,2.0,2.0,5.0,0.4,0.2,False
2013-11-15,1.0,2.0,1.0,4.0,0.5,0.25,False
2013-11-17,2.0,1.0,1.0,4.0,0.25,0.5,False
2013-11-18,11.0,3.0,1.0,15.0,0.2,0.7333333333333333,True
2013-11-20,6.0,0.0,1.0,7.0,0.0,0.8571428571428571,False
2013-11-21,2.0,1.0,0.0,3.0,0.3333333333333333,0.6666666666666666,False
2013-11-22,4.0,2.0,0.0,6.0,0.3333333333333333,0.6666666666666666,False
2013-11-23,3.0,1.0,1.0,5.0,0.2,0.6,False
2013-11-24,0.0,0.0,1.0,1.0,0.0,0.0,True
2013-11-25,11.0,4.0,1.0,16.0,0.25,0.6875,True
2013-11-26,7.0,5.0,2.0,14.0,0.35714285714285715,0.5,False
2013-11-27,11.0,2.0,1.0,14.0,0.14285714285714285,0.7857142857142857,False
2013-11-28,3.0,3.0,4.0,10.0,0.3,0.3,False
2013-11-29,5.0,3.0,1.0,9.0,0.3333333333333333,0.5555555555555556,False
2013-12-01,1.0,0.0,0.0,1.0,0.0,1.0,True
2013-12-02,9.0,6.0,0.0,15.0,0.4,0.6,True
2013-12-03,1.0,3.0,1.0,5.0,0.6,0.2,True
2013-12-04,10.0,3.0,2.0,15.0,0.2,0.6666666666666666,True
2013-12-05,9.0,7.0,14.0,30.0,0.2333333333333333,0.3,True
2013-12-06,5.0,3.0,6.0,14.0,0.21428571428571427,0.35714285714285715,True
2013-12-07,1.0,0.0,0.0,1.0,0.0,1.0,False
2013-12-09,4.0,8.0,0.0,12.0,0.6666666666666666,0.3333333333333333,True
2013-12-10,3.0,2.0,1.0,6.0,0.3333333333333333,0.5,True
2013-12-11,3.0,2.0,1.0,6.0,0.3333333333333333,0.5,True
2013-12-12,13.0,10.0,0.0,23.0,0.43478260869565216,0.5652173913043478,True
2013-12-13,3.0,2.0,0.0,5.0,0.4,0.6,False
2013-12-16,7.0,6.0,6.0,19.0,0.3157894736842105,0.3684210526315789,True
2013-12-17,3.0,0.0,1.0,4.0,0.0,0.75,True
2013-12-18,8.0,4.0,1.0,13.0,0.3076923076923077,0.6153846153846154,True
2013-12-19,1.0,5.0,1.0,7.0,0.7142857142857143,0.14285714285714285,True
2013-12-20,1.0,0.0,1.0,2.0,0.0,0.5,True
2014-01-02,1.0,0.0,0.0,1.0,0.0,1.0,False
2014-01-06,1.0,0.0,0.0,1.0,0.0,1.0,True
2014-01-08,1.0,0.0,0.0,1.0,0.0,1.0,True
2014-01-09,3.0,0.0,0.0,3.0,0.0,1.0,False
2014-01-10,2.0,0.0,1.0,3.0,0.0,0.6666666666666666,False
2014-01-14,2.0,0.0,0.0,2.0,0.0,1.0,True
2014-01-15,1.0,0.0,0.0,1.0,0.0,1.0,True
2014-01-17,1.0,0.0,4.0,5.0,0.0,0.2,True
2014-01-20,0.0,0.0,1.0,1.0,0.0,0.0,True
2014-01-23,1.0,0.0,0.0,1.0,0.0,1.0,True
2014-02-03,1.0,0.0,0.0,1.0,0.0,1.0,False
2014-02-05,1.0,0.0,0.0,1.0,0.0,1.0,True
2014-02-06,1.0,0.0,0.0,1.0,0.0,1.0,True
2014-02-07,0.0,0.0,1.0,1.0,0.0,0.0,True
2014-02-17,0.0,0.0,1.0,1.0,0.0,0.0,True
2014-02-20,0.0,0.0,1.0,1.0,0.0,0.0,False
2014-02-21,0.0,0.0,1.0,1.0,0.0,0.0,True
2014-02-25,0.0,0.0,1.0,1.0,0.0,0.0,True
2014-02-28,1.0,0.0,0.0,1.0,0.0,1.0,False
2014-03-04,1.0,0.0,0.0,1.0,0.0,1.0,True
2014-03-14,1.0,0.0,0.0,1.0,0.0,1.0,False
2014-03-17,0.0,0.0,1.0,1.0,0.0,0.0,True
2014-03-24,0.0,0.0,1.0,1.0,0.0,0.0,True
2014-04-10,0.0,0.0,1.0,1.0,0.0,0.0,False
2014-05-01,0.0,0.0,1.0,1.0,0.0,0.0,True
2014-07-17,0.0,1.0,0.0,1.0,1.0,0.0,False
2014-07-18,2.0,3.0,0.0,5.0,0.6,0.4,False
2014-07-21,4.0,2.0,0.0,6.0,0.3333333333333333,0.6666666666666666,True
2014-07-22,0.0,2.0,1.0,3.0,0.6666666666666666,0.0,True
2014-07-23,1.0,5.0,0.0,6.0,0.8333333333333334,0.16666666666666666,False
2014-07-24,6.0,2.0,0.0,8.0,0.25,0.75,False
2014-07-25,2.0,7.0,0.0,9.0,0.7777777777777778,0.2222222222222222,False
2014-07-26,0.0,1.0,0.0,1.0,1.0,0.0,False
2014-07-28,2.0,1.0,0.0,3.0,0.3333333333333333,0.6666666666666666,True
2014-07-29,2.0,0.0,0.0,2.0,0.0,1.0,True
2014-07-30,2.0,0.0,3.0,5.0,0.0,0.4,True
2014-07-31,4.0,3.0,0.0,7.0,0.42857142857142855,0.5714285714285714,True
2014-08-01,2.0,0.0,2.0,4.0,0.0,0.5,True
2014-08-02,1.0,2.0,0.0,3.0,0.6666666666666666,0.3333333333333333,False
2014-08-03,0.0,1.0,0.0,1.0,1.0,0.0,True
2014-08-04,1.0,3.0,0.0,4.0,0.75,0.25,True
2014-08-05,2.0,1.0,1.0,4.0,0.25,0.5,True
2014-08-06,1.0,2.0,0.0,3.0,0.6666666666666666,0.3333333333333333,False
2014-08-07,7.0,0.0,1.0,8.0,0.0,0.875,False
2014-08-11,6.0,5.0,0.0,11.0,0.4545454545454545,0.5454545454545454,True
2014-08-12,3.0,4.0,0.0,7.0,0.5714285714285714,0.42857142857142855,True
2014-08-13,0.0,3.0,3.0,6.0,0.5,0.0,True
2014-08-14,4.0,1.0,1.0,6.0,0.16666666666666666,0.6666666666666666,False
2014-08-15,12.0,3.0,2.0,17.0,0.17647058823529413,0.7058823529411765,False
2014-08-18,5.0,0.0,0.0,5.0,0.0,1.0,True
2014-08-19,1.0,1.0,1.0,3.0,0.3333333333333333,0.3333333333333333,True
2014-08-20,2.0,2.0,0.0,4.0,0.5,0.5,False
2014-08-21,0.0,2.0,0.0,2.0,1.0,0.0,True
2014-08-22,1.0,2.0,0.0,3.0,0.6666666666666666,0.3333333333333333,True
2014-08-25,0.0,3.0,0.0,3.0,1.0,0.0,True
2014-08-26,2.0,3.0,0.0,5.0,0.6,0.4,True
2014-08-27,21.0,7.0,0.0,28.0,0.25,0.75,True
2014-08-28,1.0,2.0,0.0,3.0,0.6666666666666666,0.3333333333333333,True
2014-08-29,2.0,4.0,1.0,7.0,0.5714285714285714,0.2857142857142857,True
2014-09-02,3.0,3.0,1.0,7.0,0.42857142857142855,0.42857142857142855,True
2014-09-03,1.0,4.0,0.0,5.0,0.8,0.2,True
2014-09-04,5.0,0.0,0.0,5.0,0.0,1.0,False
2014-09-05,4.0,11.0,0.0,15.0,0.7333333333333333,0.26666666666666666,False
2014-09-06,0.0,5.0,0.0,5.0,1.0,0.0,True
2014-09-07,0.0,0.0,1.0,1.0,0.0,0.0,True
2014-09-08,10.0,2.0,0.0,12.0,0.16666666666666666,0.8333333333333334,True
2014-09-09,5.0,9.0,0.0,14.0,0.6428571428571429,0.35714285714285715,True
2014-09-10,5.0,17.0,1.0,23.0,0.7391304347826086,0.21739130434782608,True
2014-09-11,2.0,6.0,1.0,9.0,0.6666666666666666,0.2222222222222222,True
2014-09-12,3.0,2.0,0.0,5.0,0.4,0.6,True
2014-09-13,1.0,0.0,0.0,1.0,0.0,1.0,True
2014-09-15,7.0,3.0,1.0,11.0,0.2727272727272727,0.6363636363636364,True
2014-09-16,5.0,3.0,0.0,8.0,0.375,0.625,True
2014-09-17,3.0,2.0,2.0,7.0,0.2857142857142857,0.42857142857142855,True
2014-09-18,1.0,1.0,0.0,2.0,0.5,0.5,True
2014-09-19,3.0,2.0,0.0,5.0,0.4,0.6,True
2014-09-22,0.0,3.0,0.0,3.0,1.0,0.0,True
2014-09-23,2.0,2.0,0.0,4.0,0.5,0.5,True
2014-09-24,2.0,0.0,0.0,2.0,0.0,1.0,False
2014-09-25,0.0,1.0,0.0,1.0,1.0,0.0,True
2014-09-26,0.0,3.0,0.0,3.0,1.0,0.0,True
2014-09-28,1.0,0.0,0.0,1.0,0.0,1.0,False
2014-09-29,3.0,2.0,1.0,6.0,0.3333333333333333,0.5,True
2014-09-30,4.0,0.0,0.0,4.0,0.0,1.0,True
2014-10-01,2.0,5.0,0.0,7.0,0.7142857142857143,0.2857142857142857,False
2014-10-03,1.0,3.0,0.0,4.0,0.75,0.25,False
2014-10-06,4.0,0.0,0.0,4.0,0.0,1.0,True
2014-10-07,1.0,2.0,0.0,3.0,0.6666666666666666,0.3333333333333333,True
2014-10-08,1.0,0.0,0.0,1.0,0.0,1.0,True
2014-10-09,0.0,1.0,0.0,1.0,1.0,0.0,False
2014-10-10,1.0,0.0,0.0,1.0,0.0,1.0,False
2014-10-14,1.0,3.0,0.0,4.0,0.75,0.25,True
2014-10-15,0.0,0.0,2.0,2.0,0.0,0.0,False
2014-10-16,0.0,1.0,0.0,1.0,1.0,0.0,False
2014-10-17,1.0,1.0,0.0,2.0,0.5,0.5,False
2014-10-20,2.0,0.0,0.0,2.0,0.0,1.0,True
2014-10-21,1.0,1.0,2.0,4.0,0.25,0.25,True
2014-10-22,2.0,0.0,5.0,7.0,0.0,0.2857142857142857,True
2014-10-23,0.0,1.0,2.0,3.0,0.3333333333333333,0.0,True
2014-10-24,2.0,1.0,3.0,6.0,0.16666666666666666,0.3333333333333333,True
2014-10-27,0.0,1.0,0.0,1.0,1.0,0.0,True
2014-10-28,1.0,0.0,0.0,1.0,0.0,1.0,False
2014-10-31,1.0,0.0,2.0,3.0,0.0,0.3333333333333333,False
2014-11-03,0.0,2.0,0.0,2.0,1.0,0.0,True
2014-11-04,1.0,0.0,0.0,1.0,0.0,1.0,True
2014-11-06,2.0,1.0,0.0,3.0,0.3333333333333333,0.6666666666666666,False
2014-11-07,0.0,2.0,0.0,2.0,1.0,0.0,False
2014-11-08,0.0,0.0,1.0,1.0,0.0,0.0,False
2014-11-10,1.0,2.0,0.0,3.0,0.6666666666666666,0.3333333333333333,True
2014-11-12,0.0,2.0,1.0,3.0,0.6666666666666666,0.0,True
2014-11-13,0.0,1.0,0.0,1.0,1.0,0.0,False
2014-11-17,2.0,0.0,0.0,2.0,0.0,1.0,True
2014-11-18,2.0,0.0,0.0,2.0,0.0,1.0,True
2014-11-19,0.0,0.0,1.0,1.0,0.0,0.0,False
2014-11-20,1.0,0.0,0.0,1.0,0.0,1.0,False
2014-11-26,2.0,0.0,0.0,2.0,0.0,1.0,True
2014-11-27,0.0,0.0,2.0,2.0,0.0,0.0,True
2014-11-28,1.0,1.0,2.0,4.0,0.25,0.25,True
2014-12-01,2.0,1.0,0.0,3.0,0.3333333333333333,0.6666666666666666,True
2014-12-02,1.0,0.0,0.0,1.0,0.0,1.0,False
2014-12-08,2.0,2.0,0.0,4.0,0.5,0.5,True
2014-12-10,0.0,1.0,0.0,1.0,1.0,0.0,False
2014-12-11,0.0,0.0,1.0,1.0,0.0,0.0,True
2014-12-16,1.0,1.0,0.0,2.0,0.5,0.5,False
2014-12-19,2.0,1.0,0.0,3.0,0.3333333333333333,0.6666666666666666,False
2014-12-22,0.0,2.0,0.0,2.0,1.0,0.0,True
2014-12-23,3.0,1.0,0.0,4.0,0.25,0.75,True
2015-01-05,1.0,1.0,0.0,2.0,0.5,0.5,True
2015-01-07,1.0,0.0,0.0,1.0,0.0,1.0,True
2015-01-09,1.0,0.0,1.0,2.0,0.0,0.5,False
2015-01-14,2.0,0.0,0.0,2.0,0.0,1.0,False
2015-01-17,0.0,1.0,0.0,1.0,1.0,0.0,False
2015-01-19,0.0,2.0,0.0,2.0,1.0,0.0,True
2015-01-20,0.0,4.0,1.0,5.0,0.8,0.0,True
2015-01-21,2.0,2.0,1.0,5.0,0.4,0.4,True
2015-01-22,1.0,1.0,2.0,4.0,0.25,0.25,False
2015-01-27,1.0,0.0,0.0,1.0,0.0,1.0,True
2015-01-28,5.0,1.0,0.0,6.0,0.16666666666666666,0.8333333333333334,True
2015-02-03,1.0,0.0,0.0,1.0,0.0,1.0,True
2015-02-11,0.0,1.0,0.0,1.0,1.0,0.0,False
2015-02-13,1.0,1.0,0.0,2.0,0.5,0.5,False
2015-02-20,0.0,0.0,4.0,4.0,0.0,0.0,False
2015-03-06,0.0,0.0,17.0,17.0,0.0,0.0,False
2015-03-09,1.0,0.0,1.0,2.0,0.0,0.5,True
2015-03-17,0.0,0.0,1.0,1.0,0.0,0.0,True
2015-05-07,0.0,0.0,2.0,2.0,0.0,0.0,True
2015-05-21,0.0,1.0,0.0,1.0,1.0,0.0,False
2015-05-22,0.0,1.0,0.0,1.0,1.0,0.0,False
2015-05-25,0.0,1.0,0.0,1.0,1.0,0.0,True
2015-05-26,0.0,1.0,0.0,1.0,1.0,0.0,True
2015-05-27,0.0,1.0,0.0,1.0,1.0,0.0,True
2015-05-29,1.0,1.0,0.0,2.0,0.5,0.5,False
2015-05-30,0.0,1.0,0.0,1.0,1.0,0.0,True
2015-06-01,1.0,2.0,0.0,3.0,0.6666666666666666,0.3333333333333333,True
2015-06-02,2.0,0.0,1.0,3.0,0.0,0.6666666666666666,True
2015-06-03,1.0,2.0,0.0,3.0,0.6666666666666666,0.3333333333333333,True
2015-06-04,0.0,1.0,0.0,1.0,1.0,0.0,False
2015-06-05,0.0,1.0,0.0,1.0,1.0,0.0,False
2015-06-06,0.0,1.0,0.0,1.0,1.0,0.0,False
2015-06-08,0.0,1.0,0.0,1.0,1.0,0.0,True
2015-06-09,0.0,5.0,2.0,7.0,0.7142857142857143,0.0,True
2015-06-10,1.0,1.0,0.0,2.0,0.5,0.5,True
2015-07-21,0.0,1.0,0.0,1.0,1.0,0.0,True
2015-07-22,0.0,2.0,0.0,2.0,1.0,0.0,False
2015-07-27,0.0,1.0,0.0,1.0,1.0,0.0,True
2015-07-28,0.0,1.0,0.0,1.0,1.0,0.0,True
2015-07-29,3.0,15.0,0.0,18.0,0.8333333333333334,0.16666666666666666,True
2015-07-30,0.0,1.0,0.0,1.0,1.0,0.0,True
2015-07-31,1.0,1.0,1.0,3.0,0.3333333333333333,0.3333333333333333,True
2015-08-03,1.0,0.0,0.0,1.0,0.0,1.0,True
2015-08-04,1.0,0.0,0.0,1.0,0.0,1.0,True
2015-08-05,0.0,2.0,0.0,2.0,1.0,0.0,True
2015-08-06,0.0,1.0,0.0,1.0,1.0,0.0,False
2015-08-07,2.0,0.0,0.0,2.0,0.0,1.0,False
2015-08-10,1.0,1.0,0.0,2.0,0.5,0.5,True
2015-08-11,1.0,1.0,0.0,2.0,0.5,0.5,True
2015-08-13,0.0,0.0,1.0,1.0,0.0,0.0,False
2015-08-14,0.0,1.0,0.0,1.0,1.0,0.0,False
2015-08-18,2.0,7.0,0.0,9.0,0.7777777777777778,0.2222222222222222,True
2015-08-19,1.0,0.0,0.0,1.0,0.0,1.0,False
2015-08-20,0.0,2.0,0.0,2.0,1.0,0.0,True
2015-08-21,1.0,1.0,0.0,2.0,0.5,0.5,True
2015-08-25,1.0,0.0,0.0,1.0,0.0,1.0,False
2015-08-26,0.0,1.0,0.0,1.0,1.0,0.0,False
2015-08-27,0.0,1.0,0.0,1.0,1.0,0.0,False
2015-08-28,0.0,1.0,0.0,1.0,1.0,0.0,False
2015-09-01,3.0,1.0,0.0,4.0,0.25,0.75,True
2015-09-02,0.0,2.0,2.0,4.0,0.5,0.0,True
2015-09-04,3.0,5.0,0.0,8.0,0.625,0.375,False
2015-09-08,3.0,3.0,0.0,6.0,0.5,0.5,True
2015-09-09,1.0,1.0,0.0,2.0,0.5,0.5,True
2015-09-14,0.0,1.0,0.0,1.0,1.0,0.0,True
2015-09-15,2.0,2.0,2.0,6.0,0.3333333333333333,0.3333333333333333,True
2015-09-16,0.0,2.0,0.0,2.0,1.0,0.0,True
2015-09-22,0.0,1.0,0.0,1.0,1.0,0.0,True
2015-09-28,1.0,0.0,0.0,1.0,0.0,1.0,True
2015-09-29,0.0,2.0,0.0,2.0,1.0,0.0,True
2015-09-30,0.0,2.0,0.0,2.0,1.0,0.0,True
2015-10-02,1.0,0.0,0.0,1.0,0.0,1.0,False
2015-10-06,0.0,1.0,0.0,1.0,1.0,0.0,True
2015-10-07,0.0,2.0,0.0,2.0,1.0,0.0,False
2015-10-08,2.0,0.0,1.0,3.0,0.0,0.6666666666666666,False
2015-10-09,0.0,3.0,0.0,3.0,1.0,0.0,False
2015-10-10,0.0,1.0,0.0,1.0,1.0,0.0,False
2015-10-13,1.0,1.0,0.0,2.0,0.5,0.5,True
2015-10-14,2.0,0.0,0.0,2.0,0.0,1.0,False
2015-10-15,2.0,1.0,1.0,4.0,0.25,0.5,False
2015-10-16,0.0,2.0,0.0,2.0,1.0,0.0,False
2015-10-20,0.0,1.0,0.0,1.0,1.0,0.0,False
2015-10-21,2.0,6.0,0.0,8.0,0.75,0.25,False
2015-10-22,3.0,3.0,0.0,6.0,0.5,0.5,True
2015-10-23,0.0,1.0,0.0,1.0,1.0,0.0,True
2015-10-26,1.0,1.0,0.0,2.0,0.5,0.5,True
2015-10-27,1.0,1.0,0.0,2.0,0.5,0.5,True
2015-10-28,2.0,0.0,0.0,2.0,0.0,1.0,True
2015-10-30,1.0,2.0,0.0,3.0,0.6666666666666666,0.3333333333333333,True
2015-11-02,1.0,0.0,0.0,1.0,0.0,1.0,True
2015-11-03,1.0,1.0,0.0,2.0,0.5,0.5,False
2015-11-04,1.0,1.0,0.0,2.0,0.5,0.5,False
2015-11-06,1.0,0.0,0.0,1.0,0.0,1.0,False
2015-11-09,0.0,1.0,0.0,1.0,1.0,0.0,True
2015-11-10,1.0,1.0,1.0,3.0,0.3333333333333333,0.3333333333333333,True
2015-11-12,1.0,1.0,0.0,2.0,0.5,0.5,True
2015-11-13,1.0,1.0,0.0,2.0,0.5,0.5,True
2015-11-16,2.0,0.0,0.0,2.0,0.0,1.0,True
2015-11-17,0.0,1.0,0.0,1.0,1.0,0.0,True
2015-11-18,2.0,0.0,0.0,2.0,0.0,1.0,True
2015-11-19,4.0,1.0,0.0,5.0,0.2,0.8,False
2015-11-23,0.0,1.0,0.0,1.0,1.0,0.0,True
2015-11-24,1.0,2.0,0.0,3.0,0.6666666666666666,0.3333333333333333,True
2015-11-25,3.0,2.0,0.0,5.0,0.4,0.6,True
2015-11-26,2.0,2.0,1.0,5.0,0.4,0.4,False
2015-11-27,6.0,2.0,0.0,8.0,0.25,0.75,False
2015-12-01,1.0,1.0,0.0,2.0,0.5,0.5,True
2015-12-02,3.0,1.0,0.0,4.0,0.25,0.75,True
2015-12-03,1.0,2.0,0.0,3.0,0.6666666666666666,0.3333333333333333,True
2015-12-04,1.0,0.0,0.0,1.0,0.0,1.0,True
2015-12-07,1.0,2.0,0.0,3.0,0.6666666666666666,0.3333333333333333,True
2015-12-08,3.0,13.0,0.0,16.0,0.8125,0.1875,True
2015-12-09,2.0,3.0,0.0,5.0,0.6,0.4,True
2015-12-10,3.0,7.0,3.0,13.0,0.5384615384615384,0.2307692307692308,True
2015-12-11,3.0,13.0,1.0,17.0,0.7647058823529411,0.17647058823529413,True
2015-12-12,0.0,1.0,0.0,1.0,1.0,0.0,False
2015-12-14,1.0,1.0,0.0,2.0,0.5,0.5,True
2015-12-15,0.0,2.0,0.0,2.0,1.0,0.0,True
2015-12-16,2.0,2.0,0.0,4.0,0.5,0.5,True
2015-12-17,1.0,1.0,0.0,2.0,0.5,0.5,True
2015-12-18,1.0,0.0,0.0,1.0,0.0,1.0,True
2015-12-21,1.0,2.0,0.0,3.0,0.6666666666666666,0.3333333333333333,True
2015-12-22,0.0,6.0,0.0,6.0,1.0,0.0,True
2015-12-23,0.0,2.0,0.0,2.0,1.0,0.0,False
2016-01-04,1.0,2.0,0.0,3.0,0.6666666666666666,0.3333333333333333,True
2016-01-05,0.0,2.0,1.0,3.0,0.6666666666666666,0.0,True
2016-01-07,1.0,4.0,0.0,5.0,0.8,0.2,False
2016-01-08,2.0,0.0,1.0,3.0,0.0,0.6666666666666666,False
2016-01-12,1.0,1.0,0.0,2.0,0.5,0.5,True
2016-01-13,2.0,1.0,0.0,3.0,0.3333333333333333,0.6666666666666666,True
2016-01-14,3.0,1.0,0.0,4.0,0.25,0.75,False
2016-01-15,2.0,2.0,0.0,4.0,0.5,0.5,False
2016-01-16,2.0,0.0,0.0,2.0,0.0,1.0,False
2016-01-18,3.0,3.0,0.0,6.0,0.5,0.5,True
2016-01-19,3.0,7.0,1.0,11.0,0.6363636363636364,0.2727272727272727,True
2016-01-20,0.0,2.0,0.0,2.0,1.0,0.0,True
2016-01-21,2.0,3.0,1.0,6.0,0.5,0.3333333333333333,True
2016-01-22,1.0,1.0,0.0,2.0,0.5,0.5,True
2016-01-25,2.0,4.0,0.0,6.0,0.6666666666666666,0.3333333333333333,True
2016-01-26,3.0,2.0,0.0,5.0,0.4,0.6,True
2016-02-02,1.0,3.0,0.0,4.0,0.75,0.25,True
2016-02-03,3.0,2.0,0.0,5.0,0.4,0.6,True
2016-02-04,1.0,1.0,0.0,2.0,0.5,0.5,False
2016-02-05,1.0,2.0,0.0,3.0,0.6666666666666666,0.3333333333333333,True
2016-02-08,2.0,1.0,0.0,3.0,0.3333333333333333,0.6666666666666666,True
2016-02-11,1.0,0.0,0.0,1.0,0.0,1.0,True
2016-02-12,1.0,1.0,0.0,2.0,0.5,0.5,True
2016-02-16,0.0,1.0,0.0,1.0,1.0,0.0,True
2016-02-25,1.0,1.0,0.0,2.0,0.5,0.5,False
2016-02-26,2.0,1.0,0.0,3.0,0.3333333333333333,0.6666666666666666,False
2016-02-29,0.0,2.0,0.0,2.0,1.0,0.0,True
2016-03-01,1.0,1.0,0.0,2.0,0.5,0.5,True
2016-03-03,1.0,0.0,0.0,1.0,0.0,1.0,False
2016-03-04,1.0,1.0,0.0,2.0,0.5,0.5,True
2016-03-06,0.0,1.0,0.0,1.0,1.0,0.0,True
2016-03-07,1.0,0.0,0.0,1.0,0.0,1.0,True
2016-03-11,0.0,1.0,0.0,1.0,1.0,0.0,True
2016-03-12,0.0,1.0,0.0,1.0,1.0,0.0,True
2016-03-14,8.0,4.0,0.0,12.0,0.3333333333333333,0.6666666666666666,True
2016-03-15,2.0,1.0,0.0,3.0,0.3333333333333333,0.6666666666666666,True
2016-03-16,2.0,2.0,0.0,4.0,0.5,0.5,True
2016-03-17,1.0,15.0,0.0,16.0,0.9375,0.0625,True
2016-03-18,1.0,1.0,0.0,2.0,0.5,0.5,True
2016-03-21,1.0,1.0,0.0,2.0,0.5,0.5,True
2016-03-22,3.0,4.0,0.0,7.0,0.5714285714285714,0.42857142857142855,True
2016-03-23,3.0,2.0,0.0,5.0,0.4,0.6,True
2016-03-29,1.0,0.0,0.0,1.0,0.0,1.0,True
2016-03-30,0.0,1.0,0.0,1.0,1.0,0.0,True
2016-03-31,1.0,0.0,0.0,1.0,0.0,1.0,True
2016-04-01,1.0,2.0,0.0,3.0,0.6666666666666666,0.3333333333333333,True
2016-04-05,0.0,1.0,0.0,1.0,1.0,0.0,True
2016-04-07,1.0,0.0,0.0,1.0,0.0,1.0,True
2016-04-11,2.0,1.0,0.0,3.0,0.3333333333333333,0.6666666666666666,True
2016-04-14,0.0,4.0,1.0,5.0,0.8,0.0,True
2016-04-15,1.0,0.0,2.0,3.0,0.0,0.3333333333333333,True
2016-04-18,0.0,1.0,0.0,1.0,1.0,0.0,True
2016-04-19,0.0,1.0,0.0,1.0,1.0,0.0,False
2016-04-21,0.0,1.0,0.0,1.0,1.0,0.0,True
2016-04-22,1.0,2.0,0.0,3.0,0.6666666666666666,0.3333333333333333,False
2016-04-25,1.0,1.0,0.0,2.0,0.5,0.5,True
2016-04-26,2.0,1.0,0.0,3.0,0.3333333333333333,0.6666666666666666,True
2016-04-28,0.0,1.0,0.0,1.0,1.0,0.0,True
2016-04-29,0.0,2.0,0.0,2.0,1.0,0.0,False
2016-04-30,1.0,0.0,0.0,1.0,0.0,1.0,False
2016-05-02,0.0,2.0,0.0,2.0,1.0,0.0,True
2016-05-05,0.0,1.0,0.0,1.0,1.0,0.0,True
2016-05-10,0.0,1.0,0.0,1.0,1.0,0.0,True
2016-05-11,3.0,1.0,1.0,5.0,0.2,0.6,True
2016-05-12,3.0,1.0,0.0,4.0,0.25,0.75,True
2016-05-13,2.0,6.0,0.0,8.0,0.75,0.25,True
2016-05-16,0.0,5.0,0.0,5.0,1.0,0.0,True
2016-05-17,0.0,3.0,0.0,3.0,1.0,0.0,True
2016-05-19,2.0,2.0,0.0,4.0,0.5,0.5,True
2016-05-20,1.0,0.0,0.0,1.0,0.0,1.0,False
2016-05-24,3.0,1.0,0.0,4.0,0.25,0.75,True
2016-05-25,1.0,3.0,0.0,4.0,0.75,0.25,True
2016-05-26,3.0,4.0,0.0,7.0,0.5714285714285714,0.42857142857142855,False
2016-05-27,1.0,8.0,0.0,9.0,0.8888888888888888,0.1111111111111111,False
2016-05-30,0.0,3.0,0.0,3.0,1.0,0.0,True
2016-05-31,5.0,5.0,2.0,12.0,0.4166666666666667,0.4166666666666667,True
2016-06-01,5.0,4.0,2.0,11.0,0.3636363636363637,0.4545454545454545,True
2016-06-02,3.0,3.0,0.0,6.0,0.5,0.5,True
2016-06-03,0.0,1.0,0.0,1.0,1.0,0.0,False
2016-06-06,1.0,6.0,0.0,7.0,0.8571428571428571,0.14285714285714285,True
2016-06-07,0.0,3.0,0.0,3.0,1.0,0.0,True
2016-06-08,0.0,1.0,0.0,1.0,1.0,0.0,True
2016-06-10,1.0,3.0,0.0,4.0,0.75,0.25,True
2016-06-13,0.0,1.0,0.0,1.0,1.0,0.0,True
2016-06-16,0.0,1.0,0.0,1.0,1.0,0.0,False
2016-06-17,0.0,2.0,0.0,2.0,1.0,0.0,False
2016-06-20,0.0,1.0,0.0,1.0,1.0,0.0,True
2016-06-21,0.0,3.0,0.0,3.0,1.0,0.0,True
2016-06-22,1.0,3.0,0.0,4.0,0.75,0.25,False
2016-06-27,3.0,1.0,0.0,4.0,0.25,0.75,False
2016-06-28,1.0,0.0,0.0,1.0,0.0,1.0,False
2016-06-29,1.0,1.0,0.0,2.0,0.5,0.5,False
2016-07-01,0.0,1.0,0.0,1.0,1.0,0.0,False
2016-07-04,2.0,0.0,0.0,2.0,0.0,1.0,False
2016-07-05,0.0,1.0,0.0,1.0,1.0,0.0,False
2016-07-06,1.0,0.0,0.0,1.0,0.0,1.0,False
2016-07-07,0.0,2.0,0.0,2.0,1.0,0.0,True
2016-07-12,0.0,1.0,0.0,1.0,1.0,0.0,True
2016-07-20,0.0,1.0,0.0,1.0,1.0,0.0,True
2016-07-21,2.0,0.0,0.0,2.0,0.0,1.0,True
2016-07-22,0.0,1.0,0.0,1.0,1.0,0.0,True
2016-07-26,3.0,2.0,0.0,5.0,0.4,0.6,False
2016-07-27,0.0,1.0,0.0,1.0,1.0,0.0,True
2016-07-28,0.0,1.0,0.0,1.0,1.0,0.0,True
2016-08-03,0.0,1.0,0.0,1.0,1.0,0.0,True
2016-08-04,1.0,0.0,0.0,1.0,0.0,1.0,True
2016-08-05,0.0,1.0,0.0,1.0,1.0,0.0,False
2016-08-10,1.0,1.0,0.0,2.0,0.5,0.5,True
2016-08-12,1.0,0.0,0.0,1.0,0.0,1.0,False
2016-08-13,1.0,0.0,0.0,1.0,0.0,1.0,False
2016-08-16,1.0,1.0,0.0,2.0,0.5,0.5,True
2016-08-17,0.0,1.0,0.0,1.0,1.0,0.0,True
2016-08-18,0.0,1.0,0.0,1.0,1.0,0.0,True
2016-08-19,1.0,0.0,0.0,1.0,0.0,1.0,False
2016-08-20,1.0,0.0,0.0,1.0,0.0,1.0,False
2016-08-21,0.0,1.0,0.0,1.0,1.0,0.0,True
2016-08-22,0.0,1.0,0.0,1.0,1.0,0.0,True
2016-08-23,3.0,1.0,0.0,4.0,0.25,0.75,True
2016-08-24,1.0,3.0,0.0,4.0,0.75,0.25,True
2016-08-25,5.0,9.0,0.0,14.0,0.6428571428571429,0.35714285714285715,True
2016-08-26,3.0,7.0,0.0,10.0,0.7,0.3,False
2016-08-27,0.0,0.0,1.0,1.0,0.0,0.0,False
2016-08-29,1.0,2.0,0.0,3.0,0.6666666666666666,0.3333333333333333,True
2016-08-30,0.0,1.0,0.0,1.0,1.0,0.0,True
2016-08-31,1.0,0.0,0.0,1.0,0.0,1.0,True
2016-09-01,0.0,1.0,0.0,1.0,1.0,0.0,True
2016-09-02,3.0,2.0,0.0,5.0,0.4,0.6,False
2016-09-06,2.0,7.0,1.0,10.0,0.7,0.2,True
2016-09-07,1.0,6.0,0.0,7.0,0.8571428571428571,0.14285714285714285,True
2016-09-08,0.0,1.0,0.0,1.0,1.0,0.0,True
2016-09-09,1.0,2.0,0.0,3.0,0.6666666666666666,0.3333333333333333,True
2016-09-12,1.0,3.0,0.0,4.0,0.75,0.25,False
2016-09-13,0.0,4.0,0.0,4.0,1.0,0.0,True
2016-09-14,0.0,2.0,0.0,2.0,1.0,0.0,True
2016-09-24,1.0,0.0,0.0,1.0,0.0,1.0,False
2016-09-26,1.0,0.0,0.0,1.0,0.0,1.0,True
2016-09-28,1.0,1.0,0.0,2.0,0.5,0.5,True
2016-09-30,1.0,0.0,0.0,1.0,0.0,1.0,False
2016-10-03,3.0,1.0,1.0,5.0,0.2,0.6,True
2016-10-04,1.0,0.0,0.0,1.0,0.0,1.0,True
2016-10-06,0.0,1.0,0.0,1.0,1.0,0.0,True
2016-10-11,0.0,1.0,0.0,1.0,1.0,0.0,True
2016-10-14,0.0,1.0,0.0,1.0,1.0,0.0,False
2016-10-18,1.0,1.0,0.0,2.0,0.5,0.5,True
2016-10-31,2.0,0.0,0.0,2.0,0.0,1.0,True
2016-11-01,1.0,0.0,0.0,1.0,0.0,1.0,True
2016-11-03,2.0,0.0,0.0,2.0,0.0,1.0,False
2016-11-04,2.0,1.0,0.0,3.0,0.3333333333333333,0.6666666666666666,False
2016-11-05,0.0,1.0,0.0,1.0,1.0,0.0,False
2016-11-07,2.0,3.0,0.0,5.0,0.6,0.4,True
2016-11-08,0.0,2.0,0.0,2.0,1.0,0.0,False
2016-11-15,0.0,2.0,0.0,2.0,1.0,0.0,True
2016-11-18,0.0,2.0,0.0,2.0,1.0,0.0,True
2016-11-21,0.0,1.0,0.0,1.0,1.0,0.0,True
2016-11-22,2.0,2.0,0.0,4.0,0.5,0.5,True
2016-11-23,0.0,4.0,0.0,4.0,1.0,0.0,True
2016-11-25,0.0,1.0,0.0,1.0,1.0,0.0,True
2016-11-28,0.0,1.0,0.0,1.0,1.0,0.0,True
2016-11-29,2.0,10.0,0.0,12.0,0.8333333333333334,0.16666666666666666,True
2016-11-30,3.0,1.0,1.0,5.0,0.2,0.6,True
2016-12-01,0.0,2.0,0.0,2.0,1.0,0.0,True
2016-12-05,2.0,3.0,0.0,5.0,0.6,0.4,True
2016-12-06,1.0,8.0,0.0,9.0,0.8888888888888888,0.1111111111111111,True
2016-12-07,1.0,3.0,0.0,4.0,0.75,0.25,True
2016-12-12,1.0,0.0,0.0,1.0,0.0,1.0,True
2016-12-13,1.0,1.0,0.0,2.0,0.5,0.5,True
2017-01-05,0.0,1.0,0.0,1.0,1.0,0.0,True
2017-01-06,0.0,1.0,0.0,1.0,1.0,0.0,True
2017-01-09,0.0,2.0,0.0,2.0,1.0,0.0,True
2017-01-13,0.0,1.0,0.0,1.0,1.0,0.0,True
2017-01-24,0.0,1.0,0.0,1.0,1.0,0.0,True
2017-01-26,1.0,0.0,0.0,1.0,0.0,1.0,True
2017-01-27,1.0,0.0,0.0,1.0,0.0,1.0,True
2017-01-31,0.0,2.0,0.0,2.0,1.0,0.0,True
2017-02-01,0.0,2.0,1.0,3.0,0.6666666666666666,0.0,True
2017-02-07,0.0,1.0,0.0,1.0,1.0,0.0,True
2017-02-14,2.0,1.0,0.0,3.0,0.3333333333333333,0.6666666666666666,True
2017-02-17,0.0,1.0,0.0,1.0,1.0,0.0,True
2017-02-22,1.0,4.0,0.0,5.0,0.8,0.2,True
2017-03-01,2.0,3.0,0.0,5.0,0.6,0.4,True
2017-03-02,2.0,4.0,0.0,6.0,0.6666666666666666,0.3333333333333333,True
2017-03-03,0.0,3.0,1.0,4.0,0.75,0.0,True
2017-03-06,0.0,2.0,0.0,2.0,1.0,0.0,True
2017-03-07,2.0,2.0,0.0,4.0,0.5,0.5,True
2017-03-08,0.0,1.0,0.0,1.0,1.0,0.0,False
2017-03-09,5.0,1.0,0.0,6.0,0.16666666666666666,0.8333333333333334,True
2017-03-10,2.0,2.0,0.0,4.0,0.5,0.5,True
2017-03-13,0.0,2.0,0.0,2.0,1.0,0.0,True
2017-03-14,2.0,5.0,0.0,7.0,0.7142857142857143,0.2857142857142857,True
2017-03-15,0.0,4.0,0.0,4.0,1.0,0.0,True
2017-03-17,1.0,4.0,0.0,5.0,0.8,0.2,False
2017-03-18,0.0,1.0,0.0,1.0,1.0,0.0,True
2017-03-29,0.0,2.0,0.0,2.0,1.0,0.0,True
2017-03-30,1.0,0.0,0.0,1.0,0.0,1.0,True
2017-04-03,1.0,1.0,0.0,2.0,0.5,0.5,True
2017-04-06,0.0,1.0,0.0,1.0,1.0,0.0,True
2017-04-07,0.0,1.0,0.0,1.0,1.0,0.0,True
2017-04-10,1.0,0.0,0.0,1.0,0.0,1.0,True
2017-04-11,0.0,1.0,0.0,1.0,1.0,0.0,True
2017-04-13,0.0,1.0,0.0,1.0,1.0,0.0,True
2017-04-21,1.0,0.0,0.0,1.0,0.0,1.0,True
2017-04-22,0.0,1.0,0.0,1.0,1.0,0.0,True
2017-04-26,1.0,0.0,0.0,1.0,0.0,1.0,True
2017-04-28,1.0,0.0,0.0,1.0,0.0,1.0,True
2017-05-03,0.0,0.0,1.0,1.0,0.0,0.0,True
2017-05-04,0.0,1.0,0.0,1.0,1.0,0.0,True
2017-05-10,1.0,4.0,0.0,5.0,0.8,0.2,True
2017-05-11,2.0,0.0,0.0,2.0,0.0,1.0,True
2017-05-12,1.0,2.0,0.0,3.0,0.6666666666666666,0.3333333333333333,True
2017-05-17,2.0,0.0,0.0,2.0,0.0,1.0,True
2017-05-18,0.0,6.0,0.0,6.0,1.0,0.0,True
2017-05-19,3.0,1.0,0.0,4.0,0.25,0.75,True
2017-05-20,0.0,1.0,0.0,1.0,1.0,0.0,False
2017-05-22,0.0,2.0,0.0,2.0,1.0,0.0,True
2017-05-23,1.0,3.0,0.0,4.0,0.75,0.25,True
2017-05-24,0.0,2.0,0.0,2.0,1.0,0.0,True
2017-05-25,1.0,0.0,0.0,1.0,0.0,1.0,True
2017-05-30,0.0,1.0,0.0,1.0,1.0,0.0,True
2017-05-31,0.0,1.0,0.0,1.0,1.0,0.0,False
2017-06-02,0.0,1.0,0.0,1.0,1.0,0.0,True
2017-06-05,1.0,1.0,0.0,2.0,0.5,0.5,True
2017-06-07,1.0,3.0,0.0,4.0,0.75,0.25,True
2017-06-08,0.0,13.0,0.0,13.0,1.0,0.0,True
2017-06-09,0.0,1.0,0.0,1.0,1.0,0.0,True
2017-06-12,1.0,1.0,0.0,2.0,0.5,0.5,True
2017-06-13,1.0,3.0,1.0,5.0,0.6,0.2,True
2017-06-14,0.0,1.0,0.0,1.0,1.0,0.0,True
2017-06-15,0.0,2.0,0.0,2.0,1.0,0.0,True
2017-06-22,1.0,1.0,0.0,2.0,0.5,0.5,True
2017-06-26,0.0,2.0,0.0,2.0,1.0,0.0,False
2017-06-27,2.0,2.0,0.0,4.0,0.5,0.5,True
2017-07-05,0.0,2.0,0.0,2.0,1.0,0.0,True
2017-07-06,1.0,0.0,0.0,1.0,0.0,1.0,True
2017-07-10,0.0,1.0,0.0,1.0,1.0,0.0,True
2017-07-13,0.0,1.0,0.0,1.0,1.0,0.0,True
2017-07-20,0.0,2.0,0.0,2.0,1.0,0.0,True
2017-07-24,0.0,2.0,0.0,2.0,1.0,0.0,True
2017-07-25,0.0,2.0,0.0,2.0,1.0,0.0,True
2017-07-31,0.0,7.0,1.0,8.0,0.875,0.0,True
2017-08-01,2.0,1.0,1.0,4.0,0.25,0.5,True
2017-08-03,0.0,2.0,0.0,2.0,1.0,0.0,True
2017-08-05,0.0,2.0,0.0,2.0,1.0,0.0,False
2017-08-10,0.0,1.0,0.0,1.0,1.0,0.0,True
2017-08-12,0.0,1.0,0.0,1.0,1.0,0.0,False
2017-08-14,1.0,0.0,0.0,1.0,0.0,1.0,True
2017-08-22,0.0,2.0,0.0,2.0,1.0,0.0,True
2017-08-23,0.0,1.0,0.0,1.0,1.0,0.0,True
2017-08-24,0.0,5.0,1.0,6.0,0.8333333333333334,0.0,True
2017-08-25,0.0,3.0,5.0,8.0,0.375,0.0,False
2017-09-06,2.0,2.0,1.0,5.0,0.4,0.4,True
2017-09-14,0.0,1.0,0.0,1.0,1.0,0.0,True
2017-09-15,1.0,1.0,0.0,2.0,0.5,0.5,True
2017-09-20,0.0,1.0,0.0,1.0,1.0,0.0,True
2017-10-05,0.0,1.0,0.0,1.0,1.0,0.0,True
2017-10-11,1.0,0.0,0.0,1.0,0.0,1.0,True
2017-10-13,0.0,2.0,0.0,2.0,1.0,0.0,True
2017-10-24,0.0,0.0,1.0,1.0,0.0,0.0,True
2017-11-01,0.0,1.0,0.0,1.0,1.0,0.0,True
2017-11-08,0.0,1.0,0.0,1.0,1.0,0.0,True
2017-11-10,2.0,6.0,1.0,9.0,0.6666666666666666,0.2222222222222222,True
2017-11-14,0.0,1.0,0.0,1.0,1.0,0.0,True
2017-11-15,0.0,1.0,0.0,1.0,1.0,0.0,True
2017-11-20,0.0,1.0,0.0,1.0,1.0,0.0,True
2017-11-21,0.0,2.0,0.0,2.0,1.0,0.0,True
2017-11-24,1.0,1.0,0.0,2.0,0.5,0.5,True
2017-11-25,0.0,1.0,0.0,1.0,1.0,0.0,False
2017-11-28,1.0,1.0,0.0,2.0,0.5,0.5,True
2017-11-29,2.0,0.0,0.0,2.0,0.0,1.0,True
