,close_date,ApproveAfterChange,DirectlyApprove,Rejected,TotalCommit,DirectlyApproveRate,ApproveAfterChangeRate,CloseToReleaseDate
0,2010-05-17,1.0,0.0,0.0,1.0,0.0,1.0,True
1,2010-05-18,0.0,1.0,1.0,2.0,0.5,0.0,True
2,2010-05-19,1.0,0.0,0.0,1.0,0.0,1.0,True
3,2010-06-19,0.0,9.0,2.0,11.0,0.8181818181818182,0.0,False
4,2010-06-20,0.0,12.0,0.0,12.0,1.0,0.0,True
5,2010-06-21,3.0,23.0,4.0,30.0,0.7666666666666667,0.1,True
6,2010-06-22,5.0,22.0,1.0,28.0,0.7857142857142857,0.17857142857142858,True
7,2010-06-23,0.0,15.0,0.0,15.0,1.0,0.0,True
8,2010-06-24,0.0,4.0,0.0,4.0,1.0,0.0,True
9,2010-06-25,1.0,9.0,0.0,10.0,0.9,0.1,True
10,2010-06-26,0.0,0.0,1.0,1.0,0.0,0.0,True
11,2010-06-28,0.0,9.0,0.0,9.0,1.0,0.0,True
12,2010-06-29,3.0,11.0,3.0,17.0,0.6470588235294118,0.17647058823529413,True
13,2010-06-30,0.0,9.0,5.0,14.0,0.6428571428571429,0.0,True
14,2010-07-01,0.0,2.0,2.0,4.0,0.5,0.0,True
15,2010-07-06,1.0,1.0,0.0,2.0,0.5,0.5,True
16,2010-07-08,1.0,0.0,0.0,1.0,0.0,1.0,True
17,2010-07-09,4.0,0.0,0.0,4.0,0.0,1.0,True
18,2011-06-21,0.0,1.0,0.0,1.0,1.0,0.0,False
19,2011-06-22,0.0,1.0,0.0,1.0,1.0,0.0,True
20,2011-06-24,0.0,1.0,0.0,1.0,1.0,0.0,False
21,2011-06-27,0.0,5.0,0.0,5.0,1.0,0.0,True
22,2011-06-28,0.0,3.0,0.0,3.0,1.0,0.0,True
23,2011-06-30,0.0,1.0,0.0,1.0,1.0,0.0,False
24,2011-07-04,1.0,0.0,0.0,1.0,0.0,1.0,True
25,2011-07-05,6.0,19.0,0.0,25.0,0.76,0.24,True
26,2011-07-06,2.0,6.0,8.0,16.0,0.375,0.125,True
27,2011-07-07,8.0,10.0,3.0,21.0,0.4761904761904762,0.3809523809523809,True
28,2011-07-08,0.0,3.0,1.0,4.0,0.75,0.0,False
29,2011-07-09,0.0,1.0,1.0,2.0,0.5,0.0,False
30,2011-07-11,4.0,15.0,1.0,20.0,0.75,0.2,True
31,2011-07-12,4.0,8.0,0.0,12.0,0.6666666666666666,0.3333333333333333,True
32,2011-07-13,9.0,12.0,1.0,22.0,0.5454545454545454,0.4090909090909091,True
33,2011-07-14,1.0,8.0,1.0,10.0,0.8,0.1,True
34,2011-07-15,0.0,2.0,9.0,11.0,0.18181818181818185,0.0,False
35,2011-07-16,2.0,9.0,1.0,12.0,0.75,0.16666666666666666,False
36,2011-07-17,0.0,5.0,0.0,5.0,1.0,0.0,False
37,2011-07-18,2.0,14.0,0.0,16.0,0.875,0.125,True
38,2011-07-19,1.0,3.0,0.0,4.0,0.75,0.25,True
39,2011-07-20,1.0,2.0,0.0,3.0,0.6666666666666666,0.3333333333333333,True
40,2011-07-21,0.0,2.0,0.0,2.0,1.0,0.0,False
41,2011-07-22,0.0,14.0,7.0,21.0,0.6666666666666666,0.0,True
42,2011-07-23,0.0,28.0,0.0,28.0,1.0,0.0,True
43,2011-07-24,0.0,5.0,0.0,5.0,1.0,0.0,True
44,2011-07-25,3.0,8.0,3.0,14.0,0.5714285714285714,0.21428571428571427,True
45,2011-07-26,1.0,2.0,1.0,4.0,0.5,0.25,True
46,2011-07-27,5.0,45.0,6.0,56.0,0.8035714285714286,0.08928571428571429,True
47,2011-07-28,2.0,18.0,3.0,23.0,0.7826086956521741,0.08695652173913042,True
48,2011-07-29,0.0,2.0,0.0,2.0,1.0,0.0,False
49,2011-08-01,0.0,1.0,0.0,1.0,1.0,0.0,False
50,2011-08-02,0.0,0.0,1.0,1.0,0.0,0.0,True
51,2011-08-04,3.0,2.0,0.0,5.0,0.4,0.6,False
52,2011-08-05,2.0,4.0,1.0,7.0,0.5714285714285714,0.2857142857142857,False
53,2011-08-08,9.0,5.0,0.0,14.0,0.35714285714285715,0.6428571428571429,True
54,2011-08-09,2.0,1.0,0.0,3.0,0.3333333333333333,0.6666666666666666,True
55,2011-08-10,1.0,1.0,1.0,3.0,0.3333333333333333,0.3333333333333333,True
56,2011-08-11,2.0,6.0,1.0,9.0,0.6666666666666666,0.2222222222222222,True
57,2011-08-12,5.0,4.0,1.0,10.0,0.4,0.5,True
58,2011-08-15,0.0,7.0,2.0,9.0,0.7777777777777778,0.0,True
59,2011-08-16,1.0,2.0,2.0,5.0,0.4,0.2,True
60,2011-08-17,2.0,5.0,0.0,7.0,0.7142857142857143,0.2857142857142857,True
61,2011-08-19,0.0,1.0,0.0,1.0,1.0,0.0,True
62,2011-08-22,3.0,3.0,4.0,10.0,0.3,0.3,True
63,2011-08-23,0.0,4.0,1.0,5.0,0.8,0.0,True
64,2011-08-24,0.0,13.0,0.0,13.0,1.0,0.0,True
65,2011-08-29,8.0,6.0,0.0,14.0,0.42857142857142855,0.5714285714285714,True
66,2011-09-01,0.0,0.0,1.0,1.0,0.0,0.0,True
67,2011-09-05,5.0,22.0,0.0,27.0,0.8148148148148148,0.1851851851851852,False
68,2011-09-06,1.0,1.0,0.0,2.0,0.5,0.5,True
69,2011-09-07,2.0,6.0,0.0,8.0,0.75,0.25,True
70,2011-09-08,0.0,0.0,1.0,1.0,0.0,0.0,True
71,2011-09-09,0.0,1.0,0.0,1.0,1.0,0.0,True
72,2011-09-10,0.0,2.0,0.0,2.0,1.0,0.0,False
73,2011-09-12,0.0,2.0,3.0,5.0,0.4,0.0,True
74,2011-09-13,1.0,6.0,0.0,7.0,0.8571428571428571,0.14285714285714285,True
75,2011-09-14,0.0,1.0,0.0,1.0,1.0,0.0,True
76,2011-09-15,3.0,5.0,0.0,8.0,0.625,0.375,True
77,2011-09-16,0.0,1.0,0.0,1.0,1.0,0.0,False
78,2011-09-20,0.0,1.0,2.0,3.0,0.3333333333333333,0.0,False
79,2011-09-21,1.0,0.0,0.0,1.0,0.0,1.0,True
80,2011-09-26,7.0,3.0,1.0,11.0,0.2727272727272727,0.6363636363636364,True
81,2011-09-27,0.0,1.0,2.0,3.0,0.3333333333333333,0.0,True
82,2011-09-28,0.0,0.0,1.0,1.0,0.0,0.0,True
83,2011-09-30,2.0,15.0,0.0,17.0,0.8823529411764706,0.1176470588235294,True
84,2011-10-03,0.0,1.0,1.0,2.0,0.5,0.0,True
85,2011-10-04,9.0,4.0,0.0,13.0,0.3076923076923077,0.6923076923076923,False
86,2011-10-05,1.0,10.0,2.0,13.0,0.7692307692307693,0.07692307692307693,False
87,2011-10-06,0.0,3.0,0.0,3.0,1.0,0.0,True
88,2011-10-07,2.0,3.0,0.0,5.0,0.6,0.4,True
89,2011-10-08,0.0,0.0,1.0,1.0,0.0,0.0,False
90,2011-10-10,0.0,2.0,0.0,2.0,1.0,0.0,True
91,2011-10-11,0.0,5.0,2.0,7.0,0.7142857142857143,0.0,True
92,2011-10-12,0.0,1.0,0.0,1.0,1.0,0.0,True
93,2011-10-13,1.0,1.0,0.0,2.0,0.5,0.5,False
94,2011-10-14,0.0,4.0,0.0,4.0,1.0,0.0,False
95,2011-10-18,0.0,1.0,0.0,1.0,1.0,0.0,True
96,2011-10-19,0.0,1.0,0.0,1.0,1.0,0.0,True
97,2011-10-20,0.0,2.0,0.0,2.0,1.0,0.0,True
98,2011-10-21,0.0,7.0,0.0,7.0,1.0,0.0,True
99,2011-10-22,0.0,1.0,0.0,1.0,1.0,0.0,False
100,2011-10-24,0.0,1.0,0.0,1.0,1.0,0.0,False
101,2011-10-25,13.0,1.0,2.0,16.0,0.0625,0.8125,False
102,2011-10-26,1.0,5.0,0.0,6.0,0.8333333333333334,0.16666666666666666,True
103,2011-10-27,0.0,1.0,0.0,1.0,1.0,0.0,True
104,2011-10-28,0.0,6.0,1.0,7.0,0.8571428571428571,0.0,True
105,2011-10-31,9.0,4.0,1.0,14.0,0.2857142857142857,0.6428571428571429,True
106,2011-11-01,4.0,2.0,5.0,11.0,0.18181818181818185,0.3636363636363637,True
107,2011-11-02,1.0,15.0,0.0,16.0,0.9375,0.0625,True
108,2011-11-03,0.0,1.0,0.0,1.0,1.0,0.0,True
109,2011-11-04,2.0,1.0,0.0,3.0,0.3333333333333333,0.6666666666666666,True
110,2011-11-05,0.0,3.0,0.0,3.0,1.0,0.0,False
111,2011-11-06,1.0,0.0,0.0,1.0,0.0,1.0,True
112,2011-11-07,10.0,2.0,1.0,13.0,0.15384615384615385,0.7692307692307693,True
113,2011-11-08,0.0,0.0,1.0,1.0,0.0,0.0,True
114,2011-11-09,0.0,5.0,3.0,8.0,0.625,0.0,True
115,2011-11-10,0.0,0.0,1.0,1.0,0.0,0.0,True
116,2011-11-11,4.0,2.0,1.0,7.0,0.2857142857142857,0.5714285714285714,True
117,2011-11-12,2.0,2.0,0.0,4.0,0.5,0.5,False
118,2011-11-14,4.0,1.0,0.0,5.0,0.2,0.8,True
119,2011-11-15,1.0,1.0,0.0,2.0,0.5,0.5,True
120,2011-11-18,0.0,0.0,2.0,2.0,0.0,0.0,True
121,2011-11-21,0.0,3.0,0.0,3.0,1.0,0.0,True
122,2011-11-22,0.0,7.0,0.0,7.0,1.0,0.0,True
123,2011-11-23,0.0,4.0,0.0,4.0,1.0,0.0,True
124,2011-11-28,1.0,1.0,0.0,2.0,0.5,0.5,True
125,2011-11-29,0.0,22.0,0.0,22.0,1.0,0.0,True
126,2011-11-30,2.0,4.0,0.0,6.0,0.6666666666666666,0.3333333333333333,True
127,2011-12-01,1.0,10.0,4.0,15.0,0.6666666666666666,0.06666666666666668,True
128,2011-12-02,1.0,5.0,7.0,13.0,0.38461538461538464,0.07692307692307693,True
129,2011-12-03,1.0,1.0,0.0,2.0,0.5,0.5,True
130,2011-12-04,1.0,0.0,0.0,1.0,0.0,1.0,True
131,2011-12-05,6.0,4.0,0.0,10.0,0.4,0.6,True
132,2011-12-06,6.0,15.0,1.0,22.0,0.6818181818181818,0.2727272727272727,True
133,2011-12-07,0.0,11.0,2.0,13.0,0.8461538461538461,0.0,True
134,2011-12-08,0.0,0.0,1.0,1.0,0.0,0.0,True
135,2011-12-09,0.0,2.0,0.0,2.0,1.0,0.0,False
136,2011-12-12,0.0,1.0,0.0,1.0,1.0,0.0,True
137,2011-12-13,0.0,2.0,1.0,3.0,0.6666666666666666,0.0,True
138,2011-12-14,0.0,1.0,0.0,1.0,1.0,0.0,True
139,2011-12-15,0.0,2.0,0.0,2.0,1.0,0.0,True
140,2011-12-16,1.0,2.0,0.0,3.0,0.6666666666666666,0.3333333333333333,True
141,2011-12-17,0.0,1.0,1.0,2.0,0.5,0.0,False
142,2011-12-18,0.0,2.0,0.0,2.0,1.0,0.0,True
143,2011-12-20,9.0,10.0,2.0,21.0,0.4761904761904762,0.42857142857142855,True
144,2011-12-21,7.0,2.0,0.0,9.0,0.2222222222222222,0.7777777777777778,True
145,2011-12-22,0.0,7.0,0.0,7.0,1.0,0.0,False
146,2011-12-23,1.0,4.0,1.0,6.0,0.6666666666666666,0.16666666666666666,True
147,2011-12-24,0.0,1.0,0.0,1.0,1.0,0.0,True
148,2011-12-26,0.0,1.0,0.0,1.0,1.0,0.0,False
149,2011-12-27,0.0,3.0,0.0,3.0,1.0,0.0,False
150,2011-12-28,0.0,1.0,0.0,1.0,1.0,0.0,True
151,2011-12-29,0.0,3.0,0.0,3.0,1.0,0.0,True
152,2011-12-30,1.0,0.0,0.0,1.0,0.0,1.0,False
153,2012-01-02,0.0,0.0,1.0,1.0,0.0,0.0,True
154,2012-01-03,7.0,4.0,0.0,11.0,0.3636363636363637,0.6363636363636364,True
155,2012-01-04,1.0,0.0,0.0,1.0,0.0,1.0,True
156,2012-01-05,0.0,2.0,1.0,3.0,0.6666666666666666,0.0,True
157,2012-01-06,0.0,3.0,0.0,3.0,1.0,0.0,True
158,2012-01-09,1.0,13.0,6.0,20.0,0.65,0.05,True
159,2012-01-10,0.0,5.0,1.0,6.0,0.8333333333333334,0.0,True
160,2012-01-11,2.0,4.0,0.0,6.0,0.6666666666666666,0.3333333333333333,False
161,2012-01-12,1.0,2.0,0.0,3.0,0.6666666666666666,0.3333333333333333,False
162,2012-01-13,1.0,3.0,1.0,5.0,0.6,0.2,False
163,2012-01-16,0.0,14.0,8.0,22.0,0.6363636363636364,0.0,True
164,2012-01-17,0.0,3.0,2.0,5.0,0.6,0.0,True
165,2012-01-19,0.0,2.0,0.0,2.0,1.0,0.0,True
166,2012-01-21,0.0,2.0,0.0,2.0,1.0,0.0,True
167,2012-01-23,0.0,1.0,0.0,1.0,1.0,0.0,True
168,2012-01-24,2.0,3.0,0.0,5.0,0.6,0.4,True
169,2012-01-25,0.0,5.0,0.0,5.0,1.0,0.0,True
170,2012-01-26,0.0,2.0,0.0,2.0,1.0,0.0,True
171,2012-01-27,1.0,2.0,0.0,3.0,0.6666666666666666,0.3333333333333333,True
172,2012-01-28,0.0,3.0,0.0,3.0,1.0,0.0,True
173,2012-01-30,7.0,1.0,0.0,8.0,0.125,0.875,True
174,2012-01-31,2.0,3.0,0.0,5.0,0.6,0.4,True
175,2012-02-01,1.0,1.0,0.0,2.0,0.5,0.5,True
176,2012-02-02,0.0,7.0,2.0,9.0,0.7777777777777778,0.0,True
177,2012-02-03,0.0,1.0,0.0,1.0,1.0,0.0,True
178,2012-02-06,0.0,0.0,2.0,2.0,0.0,0.0,True
179,2012-02-07,0.0,7.0,0.0,7.0,1.0,0.0,True
180,2012-02-08,0.0,1.0,1.0,2.0,0.5,0.0,True
181,2012-02-09,0.0,1.0,0.0,1.0,1.0,0.0,True
182,2012-02-10,0.0,4.0,0.0,4.0,1.0,0.0,True
183,2012-02-11,1.0,1.0,0.0,2.0,0.5,0.5,True
184,2012-02-13,0.0,1.0,0.0,1.0,1.0,0.0,True
185,2012-02-14,2.0,4.0,3.0,9.0,0.4444444444444444,0.2222222222222222,True
186,2012-02-15,6.0,6.0,2.0,14.0,0.42857142857142855,0.42857142857142855,True
187,2012-02-16,0.0,17.0,1.0,18.0,0.9444444444444444,0.0,True
188,2012-02-17,0.0,1.0,2.0,3.0,0.3333333333333333,0.0,True
189,2012-02-18,0.0,2.0,1.0,3.0,0.6666666666666666,0.0,False
190,2012-02-20,0.0,3.0,3.0,6.0,0.5,0.0,True
191,2012-02-21,0.0,16.0,0.0,16.0,1.0,0.0,True
192,2012-02-22,0.0,4.0,0.0,4.0,1.0,0.0,True
193,2012-02-24,4.0,41.0,2.0,47.0,0.8723404255319149,0.0851063829787234,True
194,2012-02-25,0.0,6.0,2.0,8.0,0.75,0.0,False
195,2012-02-27,0.0,9.0,7.0,16.0,0.5625,0.0,True
196,2012-02-28,0.0,0.0,1.0,1.0,0.0,0.0,True
197,2012-03-01,0.0,1.0,0.0,1.0,1.0,0.0,True
198,2012-03-02,0.0,2.0,0.0,2.0,1.0,0.0,True
199,2012-03-07,1.0,0.0,0.0,1.0,0.0,1.0,True
200,2012-03-08,0.0,9.0,0.0,9.0,1.0,0.0,True
201,2012-03-09,0.0,3.0,0.0,3.0,1.0,0.0,True
202,2012-03-15,0.0,12.0,2.0,14.0,0.8571428571428571,0.0,True
203,2012-03-16,0.0,4.0,0.0,4.0,1.0,0.0,True
204,2012-03-19,0.0,1.0,0.0,1.0,1.0,0.0,True
205,2012-03-21,0.0,2.0,1.0,3.0,0.6666666666666666,0.0,True
206,2012-03-22,10.0,19.0,18.0,47.0,0.40425531914893614,0.2127659574468085,True
207,2012-03-23,12.0,3.0,2.0,17.0,0.17647058823529413,0.7058823529411765,False
208,2012-03-26,0.0,4.0,0.0,4.0,1.0,0.0,True
209,2012-03-27,0.0,3.0,0.0,3.0,1.0,0.0,True
210,2012-03-29,0.0,4.0,0.0,4.0,1.0,0.0,True
211,2012-03-31,1.0,0.0,0.0,1.0,0.0,1.0,False
212,2012-04-02,0.0,0.0,19.0,19.0,0.0,0.0,True
213,2012-04-04,0.0,1.0,0.0,1.0,1.0,0.0,True
214,2012-04-05,10.0,10.0,1.0,21.0,0.4761904761904762,0.4761904761904762,True
215,2012-04-06,11.0,20.0,0.0,31.0,0.6451612903225806,0.3548387096774194,False
216,2012-04-07,0.0,2.0,0.0,2.0,1.0,0.0,False
217,2012-04-10,3.0,14.0,1.0,18.0,0.7777777777777778,0.16666666666666666,True
218,2012-04-11,5.0,9.0,0.0,14.0,0.6428571428571429,0.35714285714285715,True
219,2012-04-12,0.0,5.0,0.0,5.0,1.0,0.0,True
220,2012-04-13,0.0,6.0,0.0,6.0,1.0,0.0,True
221,2012-04-15,1.0,0.0,0.0,1.0,0.0,1.0,True
222,2012-04-18,0.0,6.0,0.0,6.0,1.0,0.0,True
223,2012-04-19,0.0,4.0,1.0,5.0,0.8,0.0,True
224,2012-04-20,0.0,17.0,18.0,35.0,0.4857142857142857,0.0,True
225,2012-04-21,1.0,0.0,0.0,1.0,0.0,1.0,True
226,2012-04-23,0.0,5.0,0.0,5.0,1.0,0.0,True
227,2012-04-24,0.0,3.0,0.0,3.0,1.0,0.0,True
228,2012-04-25,0.0,13.0,1.0,14.0,0.9285714285714286,0.0,True
229,2012-04-26,0.0,31.0,0.0,31.0,1.0,0.0,True
230,2012-04-27,0.0,2.0,0.0,2.0,1.0,0.0,True
231,2012-04-28,0.0,14.0,2.0,16.0,0.875,0.0,True
232,2012-04-30,0.0,2.0,0.0,2.0,1.0,0.0,True
233,2012-05-01,0.0,1.0,0.0,1.0,1.0,0.0,True
234,2012-05-02,4.0,10.0,0.0,14.0,0.7142857142857143,0.2857142857142857,True
235,2012-05-03,0.0,1.0,0.0,1.0,1.0,0.0,True
236,2012-05-04,0.0,2.0,1.0,3.0,0.6666666666666666,0.0,False
237,2012-05-07,0.0,2.0,0.0,2.0,1.0,0.0,True
238,2012-05-08,0.0,6.0,0.0,6.0,1.0,0.0,True
239,2012-05-09,2.0,4.0,1.0,7.0,0.5714285714285714,0.2857142857142857,True
240,2012-05-10,1.0,14.0,0.0,15.0,0.9333333333333332,0.06666666666666668,True
241,2012-05-11,0.0,0.0,2.0,2.0,0.0,0.0,True
242,2012-05-14,0.0,0.0,1.0,1.0,0.0,0.0,True
243,2012-05-15,0.0,13.0,0.0,13.0,1.0,0.0,True
244,2012-05-18,0.0,1.0,0.0,1.0,1.0,0.0,True
245,2012-05-19,0.0,16.0,40.0,56.0,0.2857142857142857,0.0,False
246,2012-05-21,0.0,7.0,2.0,9.0,0.7777777777777778,0.0,True
247,2012-05-22,2.0,2.0,0.0,4.0,0.5,0.5,True
248,2012-05-25,0.0,6.0,0.0,6.0,1.0,0.0,True
249,2012-05-26,0.0,1.0,0.0,1.0,1.0,0.0,False
250,2012-05-27,0.0,1.0,0.0,1.0,1.0,0.0,True
251,2012-05-29,12.0,7.0,2.0,21.0,0.3333333333333333,0.5714285714285714,True
252,2012-05-30,1.0,7.0,22.0,30.0,0.2333333333333333,0.03333333333333333,True
253,2012-05-31,0.0,2.0,0.0,2.0,1.0,0.0,True
254,2012-06-01,2.0,4.0,0.0,6.0,0.6666666666666666,0.3333333333333333,False
255,2012-06-04,0.0,0.0,1.0,1.0,0.0,0.0,True
256,2012-06-05,1.0,24.0,1.0,26.0,0.9230769230769232,0.038461538461538464,True
257,2012-06-06,2.0,12.0,0.0,14.0,0.8571428571428571,0.14285714285714285,True
258,2012-06-07,0.0,9.0,4.0,13.0,0.6923076923076923,0.0,False
259,2012-06-08,1.0,2.0,0.0,3.0,0.6666666666666666,0.3333333333333333,False
260,2012-06-11,0.0,2.0,0.0,2.0,1.0,0.0,True
261,2012-06-12,0.0,18.0,1.0,19.0,0.9473684210526316,0.0,False
262,2012-06-13,2.0,11.0,8.0,21.0,0.5238095238095238,0.09523809523809523,False
263,2012-06-14,0.0,2.0,0.0,2.0,1.0,0.0,False
264,2012-06-15,1.0,5.0,0.0,6.0,0.8333333333333334,0.16666666666666666,False
265,2012-06-18,0.0,1.0,1.0,2.0,0.5,0.0,False
266,2012-06-19,4.0,2.0,0.0,6.0,0.3333333333333333,0.6666666666666666,False
267,2012-06-20,0.0,5.0,0.0,5.0,1.0,0.0,True
268,2012-06-22,1.0,5.0,0.0,6.0,0.8333333333333334,0.16666666666666666,True
269,2012-06-23,2.0,6.0,1.0,9.0,0.6666666666666666,0.2222222222222222,False
270,2012-06-25,2.0,7.0,1.0,10.0,0.7,0.2,True
271,2012-06-26,1.0,3.0,1.0,5.0,0.6,0.2,True
272,2012-06-27,3.0,1.0,0.0,4.0,0.25,0.75,False
273,2012-06-28,1.0,1.0,0.0,2.0,0.5,0.5,False
274,2012-06-29,0.0,7.0,1.0,8.0,0.875,0.0,False
275,2012-06-30,0.0,1.0,0.0,1.0,1.0,0.0,False
276,2012-07-02,5.0,16.0,0.0,21.0,0.7619047619047619,0.2380952380952381,False
277,2012-07-03,0.0,2.0,0.0,2.0,1.0,0.0,True
278,2012-07-04,5.0,2.0,0.0,7.0,0.2857142857142857,0.7142857142857143,True
279,2012-07-05,1.0,4.0,0.0,5.0,0.8,0.2,True
280,2012-07-06,3.0,5.0,1.0,9.0,0.5555555555555556,0.3333333333333333,False
281,2012-07-07,2.0,1.0,2.0,5.0,0.2,0.4,True
282,2012-07-08,0.0,1.0,0.0,1.0,1.0,0.0,True
283,2012-07-09,1.0,1.0,0.0,2.0,0.5,0.5,False
284,2012-07-10,0.0,3.0,0.0,3.0,1.0,0.0,False
285,2012-07-11,0.0,6.0,0.0,6.0,1.0,0.0,False
286,2012-07-12,2.0,1.0,1.0,4.0,0.25,0.5,False
287,2012-07-13,1.0,6.0,2.0,9.0,0.6666666666666666,0.1111111111111111,False
288,2012-07-16,0.0,1.0,0.0,1.0,1.0,0.0,True
289,2012-07-17,0.0,1.0,0.0,1.0,1.0,0.0,True
290,2012-07-18,0.0,1.0,0.0,1.0,1.0,0.0,True
291,2012-07-19,2.0,2.0,0.0,4.0,0.5,0.5,True
292,2012-07-23,0.0,2.0,0.0,2.0,1.0,0.0,True
293,2012-07-24,4.0,6.0,3.0,13.0,0.4615384615384616,0.3076923076923077,True
294,2012-07-25,3.0,10.0,0.0,13.0,0.7692307692307693,0.2307692307692308,True
295,2012-07-26,20.0,2.0,1.0,23.0,0.08695652173913042,0.8695652173913043,True
296,2012-07-27,4.0,2.0,10.0,16.0,0.125,0.25,False
297,2012-07-28,1.0,7.0,0.0,8.0,0.875,0.125,False
298,2012-07-30,1.0,2.0,0.0,3.0,0.6666666666666666,0.3333333333333333,True
299,2012-07-31,7.0,13.0,12.0,32.0,0.40625,0.21875,True
300,2012-08-01,0.0,7.0,2.0,9.0,0.7777777777777778,0.0,True
301,2012-08-02,0.0,1.0,0.0,1.0,1.0,0.0,True
302,2012-08-05,0.0,0.0,1.0,1.0,0.0,0.0,True
303,2012-08-06,2.0,2.0,2.0,6.0,0.3333333333333333,0.3333333333333333,True
304,2012-08-07,2.0,3.0,6.0,11.0,0.2727272727272727,0.18181818181818185,True
305,2012-08-08,4.0,0.0,1.0,5.0,0.0,0.8,True
306,2012-08-09,0.0,2.0,0.0,2.0,1.0,0.0,True
307,2012-08-10,1.0,8.0,1.0,10.0,0.8,0.1,True
308,2012-08-11,5.0,5.0,1.0,11.0,0.4545454545454545,0.4545454545454545,False
309,2012-08-12,0.0,1.0,0.0,1.0,1.0,0.0,True
310,2012-08-13,2.0,12.0,1.0,15.0,0.8,0.13333333333333333,True
311,2012-08-14,0.0,1.0,1.0,2.0,0.5,0.0,True
312,2012-08-15,0.0,5.0,0.0,5.0,1.0,0.0,True
313,2012-08-16,2.0,6.0,1.0,9.0,0.6666666666666666,0.2222222222222222,True
314,2012-08-17,0.0,12.0,0.0,12.0,1.0,0.0,True
315,2012-08-18,1.0,6.0,0.0,7.0,0.8571428571428571,0.14285714285714285,False
316,2012-08-19,0.0,1.0,0.0,1.0,1.0,0.0,True
317,2012-08-20,5.0,21.0,1.0,27.0,0.7777777777777778,0.1851851851851852,True
318,2012-08-21,0.0,0.0,5.0,5.0,0.0,0.0,True
319,2012-08-23,0.0,0.0,7.0,7.0,0.0,0.0,True
320,2012-09-05,0.0,0.0,1.0,1.0,0.0,0.0,True
321,2012-09-07,0.0,0.0,5.0,5.0,0.0,0.0,True
322,2012-09-16,0.0,0.0,1.0,1.0,0.0,0.0,True
323,2012-09-19,0.0,0.0,1.0,1.0,0.0,0.0,True
324,2012-09-20,0.0,0.0,2.0,2.0,0.0,0.0,True
325,2012-09-22,0.0,0.0,1.0,1.0,0.0,0.0,False
326,2012-09-24,0.0,0.0,1.0,1.0,0.0,0.0,True
327,2012-09-25,0.0,0.0,2.0,2.0,0.0,0.0,True
328,2012-09-26,0.0,0.0,3.0,3.0,0.0,0.0,True
329,2012-10-01,0.0,0.0,1.0,1.0,0.0,0.0,True
330,2012-10-03,0.0,0.0,1.0,1.0,0.0,0.0,True
331,2012-10-05,0.0,1.0,4.0,5.0,0.2,0.0,True
332,2012-10-10,0.0,0.0,2.0,2.0,0.0,0.0,False
333,2012-10-12,0.0,0.0,2.0,2.0,0.0,0.0,True
334,2012-10-16,0.0,0.0,1.0,1.0,0.0,0.0,True
335,2012-10-27,0.0,0.0,1.0,1.0,0.0,0.0,True
336,2012-10-31,0.0,0.0,1.0,1.0,0.0,0.0,True
337,2012-11-02,0.0,0.0,1.0,1.0,0.0,0.0,False
338,2012-12-07,0.0,0.0,1.0,1.0,0.0,0.0,True
339,2012-12-13,0.0,1.0,0.0,1.0,1.0,0.0,True
340,2012-12-17,0.0,1.0,28.0,29.0,0.03448275862068965,0.0,True
341,2012-12-18,0.0,1.0,1.0,2.0,0.5,0.0,True
342,2012-12-26,0.0,0.0,2.0,2.0,0.0,0.0,False
343,2012-12-27,0.0,2.0,0.0,2.0,1.0,0.0,False
344,2013-01-07,0.0,1.0,0.0,1.0,1.0,0.0,True
345,2013-01-09,0.0,0.0,1.0,1.0,0.0,0.0,True
346,2013-01-16,0.0,2.0,0.0,2.0,1.0,0.0,True
347,2013-01-18,0.0,1.0,2.0,3.0,0.3333333333333333,0.0,False
348,2013-01-19,0.0,1.0,1.0,2.0,0.5,0.0,False
349,2013-01-21,0.0,1.0,0.0,1.0,1.0,0.0,True
350,2013-01-24,0.0,1.0,0.0,1.0,1.0,0.0,True
351,2013-02-01,0.0,1.0,3.0,4.0,0.25,0.0,False
352,2013-02-02,0.0,3.0,2.0,5.0,0.6,0.0,False
353,2013-02-12,0.0,3.0,5.0,8.0,0.375,0.0,True
354,2013-02-13,0.0,1.0,2.0,3.0,0.3333333333333333,0.0,True
355,2013-02-14,0.0,2.0,0.0,2.0,1.0,0.0,True
356,2013-02-15,0.0,0.0,1.0,1.0,0.0,0.0,True
357,2013-02-26,0.0,1.0,0.0,1.0,1.0,0.0,True
358,2013-03-08,0.0,1.0,0.0,1.0,1.0,0.0,True
359,2013-03-14,0.0,0.0,1.0,1.0,0.0,0.0,True
360,2013-03-22,0.0,1.0,0.0,1.0,1.0,0.0,True
361,2013-04-01,0.0,0.0,1.0,1.0,0.0,0.0,True
362,2013-04-11,0.0,0.0,1.0,1.0,0.0,0.0,False
363,2013-04-13,0.0,0.0,1.0,1.0,0.0,0.0,False
364,2013-04-16,0.0,0.0,4.0,4.0,0.0,0.0,False
365,2013-04-19,0.0,0.0,2.0,2.0,0.0,0.0,False
366,2013-04-30,0.0,0.0,1.0,1.0,0.0,0.0,True
367,2013-05-01,0.0,0.0,3.0,3.0,0.0,0.0,True
368,2013-05-14,0.0,1.0,0.0,1.0,1.0,0.0,True
369,2013-05-17,0.0,1.0,1.0,2.0,0.5,0.0,True
370,2013-05-20,0.0,1.0,0.0,1.0,1.0,0.0,True
371,2013-05-21,0.0,1.0,1.0,2.0,0.5,0.0,True
372,2013-05-22,0.0,1.0,0.0,1.0,1.0,0.0,True
373,2013-05-23,0.0,2.0,0.0,2.0,1.0,0.0,True
374,2013-05-24,0.0,2.0,1.0,3.0,0.6666666666666666,0.0,False
375,2013-05-28,0.0,1.0,1.0,2.0,0.5,0.0,True
376,2013-05-29,0.0,2.0,0.0,2.0,1.0,0.0,True
377,2013-05-30,0.0,1.0,0.0,1.0,1.0,0.0,True
378,2013-05-31,0.0,0.0,1.0,1.0,0.0,0.0,True
379,2013-06-01,0.0,1.0,0.0,1.0,1.0,0.0,False
380,2013-06-03,0.0,1.0,0.0,1.0,1.0,0.0,True
381,2013-06-04,0.0,2.0,1.0,3.0,0.6666666666666666,0.0,True
382,2013-06-05,0.0,1.0,0.0,1.0,1.0,0.0,True
383,2013-06-06,0.0,1.0,0.0,1.0,1.0,0.0,True
384,2013-06-08,0.0,1.0,0.0,1.0,1.0,0.0,False
385,2013-06-10,0.0,1.0,0.0,1.0,1.0,0.0,True
386,2013-06-14,0.0,0.0,4.0,4.0,0.0,0.0,True
387,2013-06-15,0.0,1.0,0.0,1.0,1.0,0.0,True
388,2013-06-20,0.0,0.0,2.0,2.0,0.0,0.0,True
389,2013-06-24,0.0,0.0,1.0,1.0,0.0,0.0,True
390,2013-06-26,0.0,0.0,5.0,5.0,0.0,0.0,False
391,2013-06-29,0.0,0.0,2.0,2.0,0.0,0.0,False
392,2013-07-01,0.0,2.0,0.0,2.0,1.0,0.0,False
393,2013-07-02,0.0,0.0,1.0,1.0,0.0,0.0,False
394,2013-07-03,0.0,1.0,0.0,1.0,1.0,0.0,True
395,2013-07-08,0.0,0.0,1.0,1.0,0.0,0.0,True
396,2013-07-10,0.0,0.0,1.0,1.0,0.0,0.0,False
397,2013-07-11,0.0,0.0,5.0,5.0,0.0,0.0,False
398,2013-07-12,0.0,1.0,1.0,2.0,0.5,0.0,False
399,2013-07-15,0.0,1.0,2.0,3.0,0.3333333333333333,0.0,True
400,2013-07-16,0.0,0.0,3.0,3.0,0.0,0.0,True
401,2013-07-17,0.0,2.0,0.0,2.0,1.0,0.0,True
402,2013-07-18,0.0,1.0,3.0,4.0,0.25,0.0,True
403,2013-07-23,2.0,8.0,4.0,14.0,0.5714285714285714,0.14285714285714285,True
404,2013-07-25,2.0,8.0,1.0,11.0,0.7272727272727273,0.18181818181818185,False
405,2013-07-26,2.0,1.0,4.0,7.0,0.14285714285714285,0.2857142857142857,False
406,2013-07-27,0.0,1.0,0.0,1.0,1.0,0.0,False
407,2013-07-29,1.0,3.0,5.0,9.0,0.3333333333333333,0.1111111111111111,True
408,2013-07-30,5.0,0.0,3.0,8.0,0.0,0.625,True
409,2013-07-31,0.0,1.0,1.0,2.0,0.5,0.0,False
410,2013-08-01,11.0,8.0,3.0,22.0,0.3636363636363637,0.5,True
411,2013-08-02,1.0,4.0,0.0,5.0,0.8,0.2,True
412,2013-08-04,0.0,0.0,1.0,1.0,0.0,0.0,True
413,2013-08-06,1.0,1.0,1.0,3.0,0.3333333333333333,0.3333333333333333,True
414,2013-08-08,4.0,1.0,2.0,7.0,0.14285714285714285,0.5714285714285714,False
415,2013-08-09,17.0,5.0,0.0,22.0,0.2272727272727273,0.7727272727272727,False
416,2013-08-11,0.0,1.0,0.0,1.0,1.0,0.0,True
417,2013-08-12,8.0,3.0,2.0,13.0,0.2307692307692308,0.6153846153846154,True
418,2013-08-13,2.0,3.0,1.0,6.0,0.5,0.3333333333333333,True
419,2013-08-14,2.0,1.0,1.0,4.0,0.25,0.5,True
420,2013-08-15,3.0,9.0,1.0,13.0,0.6923076923076923,0.2307692307692308,False
421,2013-08-16,27.0,5.0,3.0,35.0,0.14285714285714285,0.7714285714285715,False
422,2013-08-17,1.0,3.0,1.0,5.0,0.6,0.2,False
423,2013-08-19,2.0,7.0,2.0,11.0,0.6363636363636364,0.18181818181818185,True
424,2013-08-20,8.0,6.0,1.0,15.0,0.4,0.5333333333333333,True
425,2013-08-21,1.0,9.0,0.0,10.0,0.9,0.1,False
426,2013-08-22,3.0,2.0,3.0,8.0,0.25,0.375,False
427,2013-08-23,3.0,5.0,0.0,8.0,0.625,0.375,False
428,2013-08-24,0.0,2.0,0.0,2.0,1.0,0.0,False
429,2013-08-26,2.0,5.0,0.0,7.0,0.7142857142857143,0.2857142857142857,True
430,2013-08-27,1.0,2.0,3.0,6.0,0.3333333333333333,0.16666666666666666,True
431,2013-08-28,0.0,2.0,0.0,2.0,1.0,0.0,True
432,2013-08-30,1.0,0.0,1.0,2.0,0.0,0.5,True
433,2013-09-02,0.0,0.0,1.0,1.0,0.0,0.0,False
434,2013-09-03,0.0,1.0,1.0,2.0,0.5,0.0,True
435,2013-09-04,0.0,1.0,0.0,1.0,1.0,0.0,True
436,2013-09-05,0.0,1.0,0.0,1.0,1.0,0.0,True
437,2013-09-06,0.0,3.0,1.0,4.0,0.75,0.0,True
438,2013-09-09,6.0,3.0,0.0,9.0,0.3333333333333333,0.6666666666666666,True
439,2013-09-10,2.0,4.0,0.0,6.0,0.6666666666666666,0.3333333333333333,True
440,2013-09-11,1.0,1.0,0.0,2.0,0.5,0.5,True
441,2013-09-12,0.0,4.0,0.0,4.0,1.0,0.0,True
442,2013-09-13,6.0,4.0,1.0,11.0,0.3636363636363637,0.5454545454545454,True
443,2013-09-15,1.0,1.0,0.0,2.0,0.5,0.5,True
444,2013-09-16,1.0,1.0,1.0,3.0,0.3333333333333333,0.3333333333333333,True
445,2013-09-17,0.0,2.0,0.0,2.0,1.0,0.0,True
446,2013-09-18,4.0,2.0,1.0,7.0,0.2857142857142857,0.5714285714285714,True
447,2013-09-19,1.0,3.0,1.0,5.0,0.6,0.2,True
448,2013-09-20,1.0,0.0,0.0,1.0,0.0,1.0,True
449,2013-09-21,2.0,0.0,0.0,2.0,0.0,1.0,False
450,2013-09-25,0.0,1.0,0.0,1.0,1.0,0.0,False
451,2013-09-26,1.0,3.0,0.0,4.0,0.75,0.25,False
452,2013-10-01,0.0,1.0,0.0,1.0,1.0,0.0,False
453,2013-10-03,4.0,1.0,0.0,5.0,0.2,0.8,True
454,2013-10-07,3.0,5.0,1.0,9.0,0.5555555555555556,0.3333333333333333,True
455,2013-10-08,1.0,0.0,0.0,1.0,0.0,1.0,True
456,2013-10-09,14.0,0.0,0.0,14.0,0.0,1.0,True
457,2013-10-10,0.0,1.0,0.0,1.0,1.0,0.0,True
458,2013-10-11,1.0,1.0,1.0,3.0,0.3333333333333333,0.3333333333333333,True
459,2013-10-14,0.0,17.0,1.0,18.0,0.9444444444444444,0.0,True
460,2013-10-15,3.0,3.0,1.0,7.0,0.42857142857142855,0.42857142857142855,False
461,2013-10-17,0.0,0.0,5.0,5.0,0.0,0.0,True
462,2013-10-29,0.0,2.0,0.0,2.0,1.0,0.0,True
463,2013-10-30,1.0,6.0,2.0,9.0,0.6666666666666666,0.1111111111111111,True
464,2013-10-31,11.0,9.0,4.0,24.0,0.375,0.4583333333333333,False
465,2013-11-01,0.0,2.0,1.0,3.0,0.6666666666666666,0.0,False
466,2013-11-04,0.0,0.0,4.0,4.0,0.0,0.0,True
467,2013-11-05,13.0,3.0,0.0,16.0,0.1875,0.8125,True
468,2013-11-06,2.0,17.0,0.0,19.0,0.8947368421052632,0.10526315789473684,False
469,2013-11-07,1.0,0.0,0.0,1.0,0.0,1.0,False
470,2013-11-08,15.0,3.0,2.0,20.0,0.15,0.75,False
471,2013-11-11,1.0,0.0,5.0,6.0,0.0,0.16666666666666666,True
472,2013-11-12,1.0,1.0,0.0,2.0,0.5,0.5,False
473,2013-11-13,0.0,11.0,0.0,11.0,1.0,0.0,False
474,2013-11-14,0.0,3.0,0.0,3.0,1.0,0.0,False
475,2013-11-15,0.0,4.0,0.0,4.0,1.0,0.0,False
476,2013-11-18,1.0,1.0,0.0,2.0,0.5,0.5,True
477,2013-11-19,0.0,2.0,0.0,2.0,1.0,0.0,True
478,2013-11-20,6.0,2.0,0.0,8.0,0.25,0.75,False
479,2013-11-21,1.0,0.0,1.0,2.0,0.0,0.5,False
480,2013-11-23,0.0,1.0,0.0,1.0,1.0,0.0,False
481,2013-11-25,4.0,3.0,0.0,7.0,0.42857142857142855,0.5714285714285714,True
482,2013-11-26,8.0,8.0,3.0,19.0,0.42105263157894735,0.42105263157894735,False
483,2013-11-27,0.0,2.0,2.0,4.0,0.5,0.0,False
484,2013-11-28,0.0,0.0,3.0,3.0,0.0,0.0,False
485,2013-11-29,0.0,1.0,0.0,1.0,1.0,0.0,False
486,2013-12-02,0.0,1.0,0.0,1.0,1.0,0.0,True
487,2013-12-03,0.0,5.0,1.0,6.0,0.8333333333333334,0.0,True
488,2013-12-04,1.0,1.0,0.0,2.0,0.5,0.5,True
489,2013-12-05,1.0,5.0,1.0,7.0,0.7142857142857143,0.14285714285714285,True
490,2013-12-06,5.0,3.0,1.0,9.0,0.3333333333333333,0.5555555555555556,True
491,2013-12-07,0.0,2.0,0.0,2.0,1.0,0.0,False
492,2013-12-09,1.0,0.0,2.0,3.0,0.0,0.3333333333333333,True
493,2013-12-10,5.0,3.0,0.0,8.0,0.375,0.625,True
494,2013-12-11,1.0,3.0,0.0,4.0,0.75,0.25,True
495,2013-12-12,1.0,3.0,0.0,4.0,0.75,0.25,True
496,2013-12-13,0.0,2.0,0.0,2.0,1.0,0.0,False
497,2013-12-14,0.0,2.0,0.0,2.0,1.0,0.0,False
498,2013-12-17,3.0,1.0,0.0,4.0,0.25,0.75,True
499,2013-12-19,0.0,1.0,0.0,1.0,1.0,0.0,True
500,2013-12-29,0.0,0.0,2.0,2.0,0.0,0.0,True
501,2013-12-30,26.0,2.0,5.0,33.0,0.060606060606060615,0.7878787878787878,True
502,2013-12-31,5.0,4.0,0.0,9.0,0.4444444444444444,0.5555555555555556,False
503,2014-01-02,0.0,5.0,0.0,5.0,1.0,0.0,False
504,2014-01-06,1.0,1.0,0.0,2.0,0.5,0.5,True
505,2014-01-08,1.0,15.0,2.0,18.0,0.8333333333333334,0.05555555555555555,True
506,2014-01-09,2.0,5.0,0.0,7.0,0.7142857142857143,0.2857142857142857,False
507,2014-01-10,2.0,8.0,1.0,11.0,0.7272727272727273,0.18181818181818185,False
508,2014-01-11,3.0,5.0,0.0,8.0,0.625,0.375,False
509,2014-01-13,0.0,2.0,0.0,2.0,1.0,0.0,True
510,2014-01-15,1.0,11.0,0.0,12.0,0.9166666666666666,0.08333333333333333,True
511,2014-01-16,0.0,2.0,3.0,5.0,0.4,0.0,True
512,2014-01-17,2.0,0.0,1.0,3.0,0.0,0.6666666666666666,True
513,2014-01-22,3.0,3.0,1.0,7.0,0.42857142857142855,0.42857142857142855,True
514,2014-01-23,2.0,3.0,0.0,5.0,0.6,0.4,True
515,2014-01-24,2.0,0.0,0.0,2.0,0.0,1.0,False
516,2014-01-27,6.0,0.0,0.0,6.0,0.0,1.0,True
517,2014-01-28,4.0,1.0,2.0,7.0,0.14285714285714285,0.5714285714285714,True
518,2014-01-29,1.0,0.0,0.0,1.0,0.0,1.0,True
519,2014-01-30,0.0,1.0,0.0,1.0,1.0,0.0,True
520,2014-01-31,9.0,6.0,0.0,15.0,0.4,0.6,True
521,2014-02-01,0.0,1.0,1.0,2.0,0.5,0.0,False
522,2014-02-03,3.0,0.0,0.0,3.0,0.0,1.0,False
523,2014-02-04,11.0,6.0,0.0,17.0,0.35294117647058826,0.6470588235294118,True
524,2014-02-07,1.0,1.0,2.0,4.0,0.25,0.25,True
525,2014-02-08,4.0,0.0,0.0,4.0,0.0,1.0,True
526,2014-02-10,0.0,2.0,2.0,4.0,0.5,0.0,True
527,2014-02-11,0.0,2.0,1.0,3.0,0.6666666666666666,0.0,True
528,2014-02-13,5.0,3.0,0.0,8.0,0.375,0.625,False
529,2014-02-15,5.0,2.0,0.0,7.0,0.2857142857142857,0.7142857142857143,False
530,2014-02-17,0.0,1.0,1.0,2.0,0.5,0.0,True
531,2014-02-18,7.0,5.0,4.0,16.0,0.3125,0.4375,False
532,2014-02-19,9.0,3.0,0.0,12.0,0.25,0.75,False
533,2014-02-20,11.0,1.0,1.0,13.0,0.07692307692307693,0.8461538461538461,False
534,2014-02-21,0.0,2.0,1.0,3.0,0.6666666666666666,0.0,True
535,2014-02-22,2.0,0.0,0.0,2.0,0.0,1.0,True
536,2014-02-24,3.0,1.0,0.0,4.0,0.25,0.75,True
537,2014-02-28,0.0,1.0,0.0,1.0,1.0,0.0,False
538,2014-03-03,6.0,13.0,0.0,19.0,0.6842105263157895,0.3157894736842105,True
539,2014-03-04,0.0,4.0,7.0,11.0,0.3636363636363637,0.0,True
540,2014-03-05,1.0,0.0,1.0,2.0,0.0,0.5,True
541,2014-03-06,2.0,2.0,0.0,4.0,0.5,0.5,True
542,2014-03-07,8.0,3.0,0.0,11.0,0.2727272727272727,0.7272727272727273,True
543,2014-03-10,13.0,5.0,0.0,18.0,0.2777777777777778,0.7222222222222222,True
544,2014-03-11,2.0,3.0,0.0,5.0,0.6,0.4,True
545,2014-03-12,0.0,3.0,0.0,3.0,1.0,0.0,False
546,2014-03-13,2.0,4.0,1.0,7.0,0.5714285714285714,0.2857142857142857,False
547,2014-03-18,0.0,1.0,0.0,1.0,1.0,0.0,True
548,2014-03-19,1.0,4.0,1.0,6.0,0.6666666666666666,0.16666666666666666,True
549,2014-03-20,1.0,6.0,0.0,7.0,0.8571428571428571,0.14285714285714285,True
550,2014-03-21,0.0,1.0,0.0,1.0,1.0,0.0,False
551,2014-03-22,4.0,0.0,0.0,4.0,0.0,1.0,False
552,2014-03-24,0.0,1.0,0.0,1.0,1.0,0.0,True
553,2014-03-25,11.0,1.0,0.0,12.0,0.08333333333333333,0.9166666666666666,True
554,2014-03-26,1.0,5.0,6.0,12.0,0.4166666666666667,0.08333333333333333,False
555,2014-03-27,4.0,6.0,7.0,17.0,0.35294117647058826,0.2352941176470588,False
556,2014-03-28,0.0,1.0,0.0,1.0,1.0,0.0,False
557,2014-03-30,0.0,2.0,0.0,2.0,1.0,0.0,False
558,2014-03-31,1.0,3.0,0.0,4.0,0.75,0.25,True
559,2014-04-01,5.0,1.0,0.0,6.0,0.16666666666666666,0.8333333333333334,True
560,2014-04-02,4.0,1.0,0.0,5.0,0.2,0.8,True
561,2014-04-03,7.0,1.0,0.0,8.0,0.125,0.875,True
562,2014-04-04,2.0,0.0,0.0,2.0,0.0,1.0,True
563,2014-04-05,1.0,0.0,0.0,1.0,0.0,1.0,False
564,2014-04-08,0.0,4.0,1.0,5.0,0.8,0.0,True
565,2014-04-09,2.0,7.0,1.0,10.0,0.7,0.2,False
566,2014-04-10,3.0,5.0,2.0,10.0,0.5,0.3,False
567,2014-04-11,13.0,6.0,2.0,21.0,0.2857142857142857,0.6190476190476191,False
568,2014-04-14,3.0,3.0,1.0,7.0,0.42857142857142855,0.42857142857142855,True
569,2014-04-15,3.0,9.0,0.0,12.0,0.75,0.25,True
570,2014-04-16,8.0,5.0,0.0,13.0,0.38461538461538464,0.6153846153846154,False
571,2014-04-17,1.0,3.0,0.0,4.0,0.75,0.25,False
572,2014-04-18,1.0,3.0,1.0,5.0,0.6,0.2,False
573,2014-04-19,0.0,5.0,0.0,5.0,1.0,0.0,False
574,2014-04-21,2.0,6.0,0.0,8.0,0.75,0.25,True
575,2014-04-22,2.0,2.0,0.0,4.0,0.5,0.5,True
576,2014-04-23,2.0,3.0,0.0,5.0,0.6,0.4,False
577,2014-04-24,0.0,1.0,0.0,1.0,1.0,0.0,False
578,2014-04-25,2.0,4.0,0.0,6.0,0.6666666666666666,0.3333333333333333,False
579,2014-04-28,1.0,2.0,0.0,3.0,0.6666666666666666,0.3333333333333333,True
580,2014-04-29,1.0,0.0,0.0,1.0,0.0,1.0,True
581,2014-04-30,0.0,0.0,1.0,1.0,0.0,0.0,True
582,2014-05-02,0.0,5.0,0.0,5.0,1.0,0.0,False
583,2014-05-05,0.0,3.0,0.0,3.0,1.0,0.0,True
584,2014-05-06,2.0,4.0,2.0,8.0,0.5,0.25,True
585,2014-05-07,3.0,2.0,0.0,5.0,0.4,0.6,True
586,2014-05-08,3.0,4.0,3.0,10.0,0.4,0.3,True
587,2014-05-09,0.0,3.0,0.0,3.0,1.0,0.0,True
588,2014-05-12,0.0,2.0,0.0,2.0,1.0,0.0,True
589,2014-05-13,1.0,0.0,0.0,1.0,0.0,1.0,True
590,2014-05-15,3.0,4.0,0.0,7.0,0.5714285714285714,0.42857142857142855,True
591,2014-05-16,1.0,3.0,1.0,5.0,0.6,0.2,False
592,2014-05-18,6.0,0.0,1.0,7.0,0.0,0.8571428571428571,True
593,2014-05-19,2.0,1.0,10.0,13.0,0.07692307692307693,0.15384615384615385,True
594,2014-05-20,1.0,2.0,0.0,3.0,0.6666666666666666,0.3333333333333333,True
595,2014-05-21,12.0,2.0,4.0,18.0,0.1111111111111111,0.6666666666666666,True
596,2014-05-22,1.0,6.0,1.0,8.0,0.75,0.125,True
597,2014-05-23,0.0,16.0,0.0,16.0,1.0,0.0,True
598,2014-05-26,0.0,1.0,0.0,1.0,1.0,0.0,True
599,2014-05-27,1.0,0.0,0.0,1.0,0.0,1.0,True
600,2014-05-28,13.0,1.0,0.0,14.0,0.07142857142857142,0.9285714285714286,True
601,2014-05-29,2.0,0.0,0.0,2.0,0.0,1.0,True
602,2014-05-30,0.0,2.0,1.0,3.0,0.6666666666666666,0.0,True
603,2014-06-02,1.0,5.0,0.0,6.0,0.8333333333333334,0.16666666666666666,True
604,2014-06-03,1.0,1.0,1.0,3.0,0.3333333333333333,0.3333333333333333,True
605,2014-06-04,20.0,9.0,1.0,30.0,0.3,0.6666666666666666,True
606,2014-06-05,6.0,5.0,0.0,11.0,0.4545454545454545,0.5454545454545454,True
607,2014-06-06,14.0,7.0,7.0,28.0,0.25,0.5,False
608,2014-06-07,0.0,1.0,0.0,1.0,1.0,0.0,False
609,2014-06-09,2.0,6.0,1.0,9.0,0.6666666666666666,0.2222222222222222,False
610,2014-06-10,6.0,1.0,0.0,7.0,0.14285714285714285,0.8571428571428571,False
611,2014-06-12,7.0,0.0,1.0,8.0,0.0,0.875,False
612,2014-06-14,0.0,2.0,0.0,2.0,1.0,0.0,False
613,2014-06-16,16.0,0.0,0.0,16.0,0.0,1.0,False
614,2014-06-17,0.0,1.0,0.0,1.0,1.0,0.0,False
615,2014-06-18,1.0,8.0,8.0,17.0,0.4705882352941176,0.05882352941176471,False
616,2014-06-19,5.0,6.0,0.0,11.0,0.5454545454545454,0.4545454545454545,False
617,2014-06-20,5.0,8.0,0.0,13.0,0.6153846153846154,0.38461538461538464,False
618,2014-06-23,2.0,3.0,1.0,6.0,0.5,0.3333333333333333,False
619,2014-06-24,10.0,6.0,1.0,17.0,0.35294117647058826,0.5882352941176471,False
620,2014-06-25,1.0,5.0,0.0,6.0,0.8333333333333334,0.16666666666666666,True
621,2014-06-26,0.0,5.0,0.0,5.0,1.0,0.0,True
622,2014-06-27,4.0,1.0,0.0,5.0,0.2,0.8,True
623,2014-06-30,0.0,4.0,0.0,4.0,1.0,0.0,True
624,2014-07-01,9.0,8.0,1.0,18.0,0.4444444444444444,0.5,True
625,2014-07-02,1.0,3.0,0.0,4.0,0.75,0.25,True
626,2014-07-07,1.0,8.0,0.0,9.0,0.8888888888888888,0.1111111111111111,True
627,2014-07-08,3.0,0.0,0.0,3.0,0.0,1.0,True
628,2014-07-09,0.0,3.0,0.0,3.0,1.0,0.0,True
629,2014-07-10,0.0,1.0,0.0,1.0,1.0,0.0,False
630,2014-07-11,0.0,1.0,0.0,1.0,1.0,0.0,False
631,2014-07-12,0.0,1.0,0.0,1.0,1.0,0.0,False
632,2014-07-14,10.0,5.0,0.0,15.0,0.3333333333333333,0.6666666666666666,True
633,2014-07-15,5.0,6.0,0.0,11.0,0.5454545454545454,0.4545454545454545,True
634,2014-07-16,0.0,1.0,0.0,1.0,1.0,0.0,True
635,2014-07-17,1.0,7.0,0.0,8.0,0.875,0.125,False
636,2014-07-18,11.0,10.0,0.0,21.0,0.4761904761904762,0.5238095238095238,False
637,2014-07-19,1.0,0.0,0.0,1.0,0.0,1.0,False
638,2014-07-21,7.0,5.0,1.0,13.0,0.38461538461538464,0.5384615384615384,True
639,2014-07-22,0.0,3.0,0.0,3.0,1.0,0.0,True
640,2014-07-23,1.0,2.0,0.0,3.0,0.6666666666666666,0.3333333333333333,False
641,2014-07-24,1.0,1.0,0.0,2.0,0.5,0.5,False
642,2014-07-25,0.0,1.0,1.0,2.0,0.5,0.0,False
643,2014-07-26,1.0,2.0,0.0,3.0,0.6666666666666666,0.3333333333333333,False
644,2014-07-28,2.0,2.0,0.0,4.0,0.5,0.5,True
645,2014-07-29,2.0,1.0,0.0,3.0,0.3333333333333333,0.6666666666666666,True
646,2014-07-30,9.0,4.0,2.0,15.0,0.26666666666666666,0.6,True
647,2014-07-31,2.0,13.0,0.0,15.0,0.8666666666666667,0.13333333333333333,True
648,2014-08-01,1.0,0.0,0.0,1.0,0.0,1.0,True
649,2014-08-02,2.0,0.0,0.0,2.0,0.0,1.0,False
650,2014-08-03,0.0,1.0,0.0,1.0,1.0,0.0,True
651,2014-08-04,0.0,1.0,0.0,1.0,1.0,0.0,True
652,2014-08-05,1.0,7.0,0.0,8.0,0.875,0.125,True
653,2014-08-07,9.0,3.0,0.0,12.0,0.25,0.75,False
654,2014-08-08,2.0,7.0,0.0,9.0,0.7777777777777778,0.2222222222222222,False
655,2014-08-09,0.0,3.0,0.0,3.0,1.0,0.0,False
656,2014-08-11,2.0,3.0,0.0,5.0,0.6,0.4,True
657,2014-08-12,1.0,2.0,0.0,3.0,0.6666666666666666,0.3333333333333333,True
658,2014-08-13,1.0,3.0,0.0,4.0,0.75,0.25,True
659,2014-08-14,2.0,8.0,0.0,10.0,0.8,0.2,False
660,2014-08-15,0.0,1.0,0.0,1.0,1.0,0.0,False
661,2014-08-19,0.0,1.0,0.0,1.0,1.0,0.0,True
662,2014-08-20,2.0,3.0,0.0,5.0,0.6,0.4,False
663,2014-08-21,1.0,0.0,0.0,1.0,0.0,1.0,True
664,2014-08-22,6.0,0.0,0.0,6.0,0.0,1.0,True
665,2014-08-25,1.0,0.0,0.0,1.0,0.0,1.0,True
666,2014-08-27,1.0,2.0,0.0,3.0,0.6666666666666666,0.3333333333333333,True
667,2014-08-28,4.0,8.0,0.0,12.0,0.6666666666666666,0.3333333333333333,True
668,2014-08-29,0.0,3.0,3.0,6.0,0.5,0.0,True
669,2014-08-30,2.0,0.0,0.0,2.0,0.0,1.0,False
670,2014-09-01,1.0,0.0,1.0,2.0,0.0,0.5,True
671,2014-09-02,0.0,1.0,0.0,1.0,1.0,0.0,True
672,2014-09-03,1.0,0.0,0.0,1.0,0.0,1.0,True
673,2014-09-08,0.0,0.0,1.0,1.0,0.0,0.0,True
674,2014-09-09,1.0,1.0,0.0,2.0,0.5,0.5,True
675,2014-09-11,1.0,2.0,0.0,3.0,0.6666666666666666,0.3333333333333333,True
676,2014-09-12,2.0,0.0,0.0,2.0,0.0,1.0,True
677,2014-09-13,4.0,1.0,1.0,6.0,0.16666666666666666,0.6666666666666666,True
678,2014-09-16,0.0,1.0,1.0,2.0,0.5,0.0,True
679,2014-09-17,0.0,1.0,0.0,1.0,1.0,0.0,True
680,2014-09-18,0.0,1.0,0.0,1.0,1.0,0.0,True
681,2014-09-23,0.0,3.0,0.0,3.0,1.0,0.0,True
682,2014-10-01,1.0,0.0,0.0,1.0,0.0,1.0,False
683,2014-10-02,0.0,6.0,0.0,6.0,1.0,0.0,False
684,2014-10-10,5.0,1.0,0.0,6.0,0.16666666666666666,0.8333333333333334,False
685,2014-10-11,5.0,1.0,0.0,6.0,0.16666666666666666,0.8333333333333334,False
686,2014-10-14,0.0,0.0,1.0,1.0,0.0,0.0,True
687,2014-10-15,8.0,11.0,0.0,19.0,0.5789473684210527,0.42105263157894735,False
688,2014-10-16,1.0,13.0,1.0,15.0,0.8666666666666667,0.06666666666666668,False
689,2014-10-17,4.0,0.0,0.0,4.0,0.0,1.0,False
690,2014-10-20,13.0,2.0,0.0,15.0,0.13333333333333333,0.8666666666666667,True
691,2014-10-21,0.0,1.0,0.0,1.0,1.0,0.0,True
692,2014-10-22,2.0,3.0,0.0,5.0,0.6,0.4,True
693,2014-10-23,1.0,1.0,0.0,2.0,0.5,0.5,True
694,2014-10-24,8.0,4.0,0.0,12.0,0.3333333333333333,0.6666666666666666,True
695,2014-10-25,0.0,1.0,0.0,1.0,1.0,0.0,True
696,2014-10-27,0.0,1.0,0.0,1.0,1.0,0.0,True
697,2014-10-28,1.0,9.0,0.0,10.0,0.9,0.1,False
698,2014-10-30,0.0,1.0,0.0,1.0,1.0,0.0,False
699,2014-10-31,0.0,2.0,15.0,17.0,0.1176470588235294,0.0,False
700,2014-11-04,2.0,5.0,1.0,8.0,0.625,0.25,True
701,2014-11-05,0.0,3.0,3.0,6.0,0.5,0.0,False
702,2014-11-06,0.0,1.0,0.0,1.0,1.0,0.0,False
703,2014-11-07,14.0,8.0,0.0,22.0,0.3636363636363637,0.6363636363636364,False
704,2014-11-08,0.0,27.0,2.0,29.0,0.9310344827586208,0.0,False
705,2014-11-12,13.0,4.0,0.0,17.0,0.2352941176470588,0.7647058823529411,False
706,2014-11-13,0.0,1.0,0.0,1.0,1.0,0.0,False
707,2014-11-14,12.0,11.0,0.0,23.0,0.4782608695652174,0.5217391304347826,False
708,2014-11-15,13.0,0.0,0.0,13.0,0.0,1.0,False
709,2014-11-18,3.0,9.0,0.0,12.0,0.75,0.25,True
710,2014-11-19,0.0,1.0,1.0,2.0,0.5,0.0,False
711,2014-11-20,1.0,1.0,0.0,2.0,0.5,0.5,False
712,2014-11-21,1.0,4.0,0.0,5.0,0.8,0.2,False
713,2014-11-24,0.0,2.0,0.0,2.0,1.0,0.0,True
714,2014-11-25,0.0,1.0,0.0,1.0,1.0,0.0,True
715,2014-11-26,0.0,1.0,0.0,1.0,1.0,0.0,True
716,2014-11-27,0.0,2.0,0.0,2.0,1.0,0.0,True
717,2014-12-02,14.0,5.0,3.0,22.0,0.2272727272727273,0.6363636363636364,False
718,2014-12-06,0.0,1.0,0.0,1.0,1.0,0.0,True
719,2014-12-08,2.0,2.0,0.0,4.0,0.5,0.5,True
720,2014-12-09,1.0,0.0,0.0,1.0,0.0,1.0,True
721,2014-12-10,8.0,0.0,3.0,11.0,0.0,0.7272727272727273,False
722,2014-12-11,1.0,0.0,0.0,1.0,0.0,1.0,True
723,2014-12-12,1.0,6.0,0.0,7.0,0.8571428571428571,0.14285714285714285,True
724,2014-12-13,0.0,1.0,0.0,1.0,1.0,0.0,False
725,2014-12-16,0.0,1.0,0.0,1.0,1.0,0.0,False
726,2014-12-17,0.0,1.0,0.0,1.0,1.0,0.0,False
727,2014-12-19,1.0,2.0,0.0,3.0,0.6666666666666666,0.3333333333333333,False
728,2014-12-22,11.0,1.0,0.0,12.0,0.08333333333333333,0.9166666666666666,True
729,2014-12-23,1.0,0.0,0.0,1.0,0.0,1.0,False
730,2014-12-29,4.0,6.0,0.0,10.0,0.6,0.4,False
731,2014-12-30,4.0,1.0,0.0,5.0,0.2,0.8,False
732,2015-01-06,0.0,1.0,0.0,1.0,1.0,0.0,True
733,2015-01-07,1.0,6.0,0.0,7.0,0.8571428571428571,0.14285714285714285,True
734,2015-01-09,1.0,9.0,0.0,10.0,0.9,0.1,False
735,2015-01-10,1.0,0.0,1.0,2.0,0.0,0.5,False
736,2015-01-12,0.0,3.0,0.0,3.0,1.0,0.0,True
737,2015-01-13,0.0,1.0,1.0,2.0,0.5,0.0,True
738,2015-01-14,13.0,3.0,2.0,18.0,0.16666666666666666,0.7222222222222222,False
739,2015-01-15,1.0,2.0,0.0,3.0,0.6666666666666666,0.3333333333333333,True
740,2015-01-16,6.0,1.0,0.0,7.0,0.14285714285714285,0.8571428571428571,True
741,2015-01-17,9.0,1.0,0.0,10.0,0.1,0.9,False
742,2015-01-19,0.0,0.0,1.0,1.0,0.0,0.0,True
743,2015-01-20,5.0,3.0,0.0,8.0,0.375,0.625,True
744,2015-01-21,0.0,2.0,1.0,3.0,0.6666666666666666,0.0,False
745,2015-01-22,3.0,6.0,0.0,9.0,0.6666666666666666,0.3333333333333333,False
746,2015-01-23,5.0,7.0,0.0,12.0,0.5833333333333334,0.4166666666666667,True
747,2015-01-24,2.0,8.0,0.0,10.0,0.8,0.2,True
748,2015-01-26,0.0,4.0,0.0,4.0,1.0,0.0,True
749,2015-01-27,0.0,2.0,0.0,2.0,1.0,0.0,True
750,2015-01-29,3.0,4.0,0.0,7.0,0.5714285714285714,0.42857142857142855,False
751,2015-01-30,2.0,3.0,0.0,5.0,0.6,0.4,False
752,2015-01-31,5.0,3.0,0.0,8.0,0.375,0.625,False
753,2015-02-02,4.0,1.0,0.0,5.0,0.2,0.8,True
754,2015-02-03,9.0,2.0,0.0,11.0,0.18181818181818185,0.8181818181818182,True
755,2015-02-04,0.0,3.0,0.0,3.0,1.0,0.0,True
756,2015-02-05,2.0,1.0,0.0,3.0,0.3333333333333333,0.6666666666666666,False
757,2015-02-07,1.0,5.0,1.0,7.0,0.7142857142857143,0.14285714285714285,False
758,2015-02-10,7.0,3.0,0.0,10.0,0.3,0.7,True
759,2015-02-11,0.0,1.0,1.0,2.0,0.5,0.0,False
760,2015-02-12,0.0,1.0,0.0,1.0,1.0,0.0,False
761,2015-02-13,3.0,9.0,0.0,12.0,0.75,0.25,False
762,2015-02-16,0.0,1.0,0.0,1.0,1.0,0.0,True
763,2015-02-17,1.0,10.0,0.0,11.0,0.9090909090909092,0.09090909090909093,True
764,2015-02-18,0.0,8.0,0.0,8.0,1.0,0.0,False
765,2015-02-19,2.0,10.0,4.0,16.0,0.625,0.125,False
766,2015-02-20,10.0,1.0,1.0,12.0,0.08333333333333333,0.8333333333333334,False
767,2015-02-21,0.0,0.0,2.0,2.0,0.0,0.0,False
768,2015-02-23,2.0,1.0,0.0,3.0,0.3333333333333333,0.6666666666666666,True
769,2015-02-24,1.0,9.0,0.0,10.0,0.9,0.1,True
770,2015-02-25,2.0,7.0,1.0,10.0,0.7,0.2,False
771,2015-02-26,0.0,5.0,0.0,5.0,1.0,0.0,False
772,2015-02-28,0.0,2.0,0.0,2.0,1.0,0.0,False
773,2015-03-02,3.0,4.0,0.0,7.0,0.5714285714285714,0.42857142857142855,True
774,2015-03-03,13.0,4.0,2.0,19.0,0.21052631578947367,0.6842105263157895,True
775,2015-03-04,2.0,3.0,0.0,5.0,0.6,0.4,True
776,2015-03-05,2.0,2.0,1.0,5.0,0.4,0.4,True
777,2015-03-06,1.0,1.0,0.0,2.0,0.5,0.5,False
778,2015-03-09,2.0,3.0,0.0,5.0,0.6,0.4,True
779,2015-03-10,6.0,16.0,1.0,23.0,0.6956521739130435,0.2608695652173913,True
780,2015-03-11,8.0,11.0,0.0,19.0,0.5789473684210527,0.42105263157894735,True
781,2015-03-12,2.0,0.0,0.0,2.0,0.0,1.0,False
782,2015-03-13,7.0,9.0,1.0,17.0,0.5294117647058824,0.4117647058823529,False
783,2015-03-14,8.0,1.0,0.0,9.0,0.1111111111111111,0.8888888888888888,True
784,2015-03-16,0.0,1.0,0.0,1.0,1.0,0.0,True
785,2015-03-17,1.0,1.0,0.0,2.0,0.5,0.5,True
786,2015-03-18,2.0,9.0,0.0,11.0,0.8181818181818182,0.18181818181818185,True
787,2015-03-21,0.0,2.0,0.0,2.0,1.0,0.0,False
788,2015-03-23,5.0,3.0,1.0,9.0,0.3333333333333333,0.5555555555555556,True
789,2015-03-24,0.0,2.0,0.0,2.0,1.0,0.0,True
790,2015-03-25,0.0,2.0,0.0,2.0,1.0,0.0,False
791,2015-03-26,2.0,0.0,4.0,6.0,0.0,0.3333333333333333,False
792,2015-03-27,1.0,0.0,0.0,1.0,0.0,1.0,False
793,2015-03-28,0.0,4.0,0.0,4.0,1.0,0.0,False
794,2015-03-30,0.0,7.0,0.0,7.0,1.0,0.0,True
795,2015-03-31,1.0,1.0,0.0,2.0,0.5,0.5,True
796,2015-04-01,0.0,2.0,1.0,3.0,0.6666666666666666,0.0,False
797,2015-04-02,14.0,4.0,0.0,18.0,0.2222222222222222,0.7777777777777778,True
798,2015-04-03,12.0,7.0,0.0,19.0,0.3684210526315789,0.631578947368421,True
799,2015-04-04,0.0,1.0,0.0,1.0,1.0,0.0,False
800,2015-04-06,2.0,1.0,0.0,3.0,0.3333333333333333,0.6666666666666666,True
801,2015-04-07,3.0,8.0,0.0,11.0,0.7272727272727273,0.2727272727272727,True
802,2015-04-08,15.0,7.0,0.0,22.0,0.3181818181818182,0.6818181818181818,True
803,2015-04-09,6.0,0.0,1.0,7.0,0.0,0.8571428571428571,False
804,2015-04-10,3.0,10.0,0.0,13.0,0.7692307692307693,0.2307692307692308,False
805,2015-04-11,0.0,3.0,0.0,3.0,1.0,0.0,False
806,2015-04-13,7.0,0.0,0.0,7.0,0.0,1.0,True
807,2015-04-14,9.0,9.0,0.0,18.0,0.5,0.5,True
808,2015-04-15,0.0,7.0,1.0,8.0,0.875,0.0,False
809,2015-04-16,4.0,0.0,0.0,4.0,0.0,1.0,False
810,2015-04-17,1.0,8.0,0.0,9.0,0.8888888888888888,0.1111111111111111,False
811,2015-04-18,0.0,2.0,0.0,2.0,1.0,0.0,False
812,2015-04-20,2.0,2.0,0.0,4.0,0.5,0.5,True
813,2015-04-21,4.0,5.0,3.0,12.0,0.4166666666666667,0.3333333333333333,True
814,2015-04-22,8.0,3.0,3.0,14.0,0.21428571428571427,0.5714285714285714,True
815,2015-04-23,0.0,2.0,0.0,2.0,1.0,0.0,False
816,2015-04-27,4.0,2.0,0.0,6.0,0.3333333333333333,0.6666666666666666,True
817,2015-04-28,0.0,1.0,0.0,1.0,1.0,0.0,True
818,2015-04-29,5.0,4.0,0.0,9.0,0.4444444444444444,0.5555555555555556,True
819,2015-04-30,0.0,2.0,0.0,2.0,1.0,0.0,True
820,2015-05-01,1.0,1.0,0.0,2.0,0.5,0.5,False
821,2015-05-03,2.0,2.0,0.0,4.0,0.5,0.5,True
822,2015-05-04,3.0,3.0,0.0,6.0,0.5,0.5,True
823,2015-05-05,8.0,2.0,0.0,10.0,0.2,0.8,True
824,2015-05-06,0.0,1.0,0.0,1.0,1.0,0.0,True
825,2015-05-07,4.0,2.0,0.0,6.0,0.3333333333333333,0.6666666666666666,True
826,2015-05-09,1.0,0.0,0.0,1.0,0.0,1.0,True
827,2015-05-12,0.0,5.0,1.0,6.0,0.8333333333333334,0.0,True
828,2015-05-13,1.0,10.0,0.0,11.0,0.9090909090909092,0.09090909090909093,True
829,2015-05-14,12.0,2.0,0.0,14.0,0.14285714285714285,0.8571428571428571,False
830,2015-05-17,0.0,4.0,0.0,4.0,1.0,0.0,False
831,2015-05-18,9.0,2.0,0.0,11.0,0.18181818181818185,0.8181818181818182,False
832,2015-05-19,0.0,1.0,3.0,4.0,0.25,0.0,True
833,2015-05-20,6.0,4.0,3.0,13.0,0.3076923076923077,0.4615384615384616,True
834,2015-05-21,8.0,6.0,0.0,14.0,0.42857142857142855,0.5714285714285714,False
835,2015-05-22,1.0,1.0,1.0,3.0,0.3333333333333333,0.3333333333333333,False
836,2015-05-26,0.0,1.0,0.0,1.0,1.0,0.0,True
837,2015-05-27,1.0,0.0,0.0,1.0,0.0,1.0,True
838,2015-05-28,9.0,2.0,0.0,11.0,0.18181818181818185,0.8181818181818182,False
839,2015-06-01,0.0,2.0,0.0,2.0,1.0,0.0,True
840,2015-06-02,1.0,4.0,0.0,5.0,0.8,0.2,True
841,2015-06-03,5.0,3.0,0.0,8.0,0.375,0.625,True
842,2015-06-04,1.0,0.0,1.0,2.0,0.0,0.5,False
843,2015-06-05,0.0,1.0,0.0,1.0,1.0,0.0,False
844,2015-06-06,3.0,8.0,2.0,13.0,0.6153846153846154,0.2307692307692308,False
845,2015-06-08,3.0,2.0,0.0,5.0,0.4,0.6,False
846,2015-06-09,2.0,1.0,0.0,3.0,0.3333333333333333,0.6666666666666666,False
847,2015-06-10,3.0,2.0,0.0,5.0,0.4,0.6,False
848,2015-06-11,0.0,7.0,4.0,11.0,0.6363636363636364,0.0,False
849,2015-06-14,0.0,3.0,0.0,3.0,1.0,0.0,False
850,2015-06-15,5.0,3.0,0.0,8.0,0.375,0.625,False
851,2015-06-16,1.0,1.0,0.0,2.0,0.5,0.5,False
852,2015-06-17,1.0,13.0,2.0,16.0,0.8125,0.0625,False
853,2015-06-18,4.0,11.0,1.0,16.0,0.6875,0.25,False
854,2015-06-19,0.0,3.0,0.0,3.0,1.0,0.0,False
855,2015-06-20,0.0,1.0,0.0,1.0,1.0,0.0,False
856,2015-06-21,2.0,1.0,0.0,3.0,0.3333333333333333,0.6666666666666666,False
857,2015-06-22,0.0,2.0,2.0,4.0,0.5,0.0,False
858,2015-06-23,5.0,2.0,0.0,7.0,0.2857142857142857,0.7142857142857143,False
859,2015-06-24,0.0,2.0,0.0,2.0,1.0,0.0,False
860,2015-06-25,17.0,3.0,0.0,20.0,0.15,0.85,False
861,2015-06-26,4.0,2.0,2.0,8.0,0.25,0.5,False
862,2015-06-28,0.0,1.0,0.0,1.0,1.0,0.0,False
863,2015-06-29,3.0,7.0,0.0,10.0,0.7,0.3,False
864,2015-07-01,1.0,0.0,4.0,5.0,0.0,0.2,True
865,2015-07-02,0.0,4.0,0.0,4.0,1.0,0.0,True
866,2015-07-06,4.0,6.0,0.0,10.0,0.6,0.4,True
867,2015-07-07,7.0,6.0,0.0,13.0,0.4615384615384616,0.5384615384615384,True
868,2015-07-09,0.0,4.0,1.0,5.0,0.8,0.0,True
869,2015-07-13,0.0,0.0,1.0,1.0,0.0,0.0,True
870,2015-07-14,1.0,0.0,0.0,1.0,0.0,1.0,True
871,2015-07-15,5.0,2.0,0.0,7.0,0.2857142857142857,0.7142857142857143,False
872,2015-07-16,0.0,1.0,0.0,1.0,1.0,0.0,True
873,2015-07-17,1.0,0.0,1.0,2.0,0.0,0.5,True
874,2015-07-18,0.0,2.0,0.0,2.0,1.0,0.0,False
875,2015-07-21,0.0,1.0,0.0,1.0,1.0,0.0,True
876,2015-07-22,0.0,1.0,0.0,1.0,1.0,0.0,False
877,2015-07-23,1.0,1.0,0.0,2.0,0.5,0.5,False
878,2015-07-24,6.0,3.0,0.0,9.0,0.3333333333333333,0.6666666666666666,False
879,2015-07-27,0.0,0.0,2.0,2.0,0.0,0.0,True
880,2015-07-28,6.0,2.0,0.0,8.0,0.25,0.75,True
881,2015-07-29,1.0,3.0,0.0,4.0,0.75,0.25,True
882,2015-07-30,0.0,1.0,1.0,2.0,0.5,0.0,True
883,2015-07-31,1.0,0.0,0.0,1.0,0.0,1.0,True
884,2015-08-03,1.0,12.0,1.0,14.0,0.8571428571428571,0.07142857142857142,True
885,2015-08-04,30.0,3.0,2.0,35.0,0.08571428571428573,0.8571428571428571,True
886,2015-08-10,7.0,3.0,0.0,10.0,0.3,0.7,True
887,2015-08-11,4.0,5.0,1.0,10.0,0.5,0.4,True
888,2015-08-12,4.0,1.0,0.0,5.0,0.2,0.8,False
889,2015-08-13,0.0,1.0,0.0,1.0,1.0,0.0,False
890,2015-08-15,1.0,0.0,0.0,1.0,0.0,1.0,False
891,2015-08-17,7.0,0.0,26.0,33.0,0.0,0.21212121212121213,True
892,2015-08-18,0.0,5.0,1.0,6.0,0.8333333333333334,0.0,True
893,2015-08-19,14.0,3.0,0.0,17.0,0.17647058823529413,0.8235294117647058,False
894,2015-08-21,0.0,0.0,1.0,1.0,0.0,0.0,True
895,2015-08-23,5.0,0.0,0.0,5.0,0.0,1.0,True
896,2015-08-25,7.0,1.0,0.0,8.0,0.125,0.875,False
897,2015-08-26,2.0,1.0,0.0,3.0,0.3333333333333333,0.6666666666666666,False
898,2015-08-27,2.0,0.0,2.0,4.0,0.0,0.5,False
899,2015-08-31,8.0,0.0,0.0,8.0,0.0,1.0,True
900,2015-09-02,7.0,3.0,0.0,10.0,0.3,0.7,True
901,2015-09-03,1.0,0.0,0.0,1.0,0.0,1.0,False
902,2015-09-04,2.0,4.0,0.0,6.0,0.6666666666666666,0.3333333333333333,False
903,2015-09-11,7.0,0.0,0.0,7.0,0.0,1.0,True
904,2015-09-16,7.0,0.0,0.0,7.0,0.0,1.0,True
905,2015-09-18,1.0,5.0,2.0,8.0,0.625,0.125,True
906,2015-09-20,0.0,0.0,1.0,1.0,0.0,0.0,False
907,2015-09-21,1.0,2.0,0.0,3.0,0.6666666666666666,0.3333333333333333,True
908,2015-09-22,0.0,0.0,4.0,4.0,0.0,0.0,True
909,2015-09-24,5.0,1.0,0.0,6.0,0.16666666666666666,0.8333333333333334,False
910,2015-09-28,0.0,9.0,1.0,10.0,0.9,0.0,True
911,2015-09-29,1.0,1.0,0.0,2.0,0.5,0.5,True
912,2015-09-30,10.0,1.0,0.0,11.0,0.09090909090909093,0.9090909090909092,True
913,2015-10-01,1.0,0.0,0.0,1.0,0.0,1.0,False
914,2015-10-02,0.0,4.0,0.0,4.0,1.0,0.0,False
915,2015-10-03,10.0,1.0,0.0,11.0,0.09090909090909093,0.9090909090909092,False
916,2015-10-06,0.0,2.0,16.0,18.0,0.1111111111111111,0.0,True
917,2015-10-08,6.0,1.0,0.0,7.0,0.14285714285714285,0.8571428571428571,False
918,2015-10-09,0.0,0.0,1.0,1.0,0.0,0.0,False
919,2015-10-13,7.0,5.0,0.0,12.0,0.4166666666666667,0.5833333333333334,True
920,2015-10-14,4.0,0.0,0.0,4.0,0.0,1.0,False
921,2015-10-15,1.0,3.0,2.0,6.0,0.5,0.16666666666666666,False
922,2015-10-16,0.0,2.0,1.0,3.0,0.6666666666666666,0.0,False
923,2015-10-18,2.0,2.0,1.0,5.0,0.4,0.4,True
924,2015-10-20,5.0,0.0,0.0,5.0,0.0,1.0,False
925,2015-10-21,5.0,0.0,3.0,8.0,0.0,0.625,False
926,2015-10-23,0.0,0.0,2.0,2.0,0.0,0.0,True
927,2015-10-24,17.0,6.0,0.0,23.0,0.2608695652173913,0.7391304347826086,False
928,2015-10-26,19.0,2.0,0.0,21.0,0.09523809523809523,0.9047619047619048,True
929,2015-10-27,1.0,2.0,3.0,6.0,0.3333333333333333,0.16666666666666666,True
930,2015-10-28,1.0,3.0,0.0,4.0,0.75,0.25,True
931,2015-10-30,1.0,0.0,2.0,3.0,0.0,0.3333333333333333,True
932,2015-10-31,0.0,0.0,1.0,1.0,0.0,0.0,False
933,2015-11-02,6.0,2.0,0.0,8.0,0.25,0.75,True
934,2015-11-04,0.0,2.0,0.0,2.0,1.0,0.0,False
935,2015-11-05,3.0,3.0,0.0,6.0,0.5,0.5,False
936,2015-11-06,0.0,9.0,17.0,26.0,0.3461538461538461,0.0,False
937,2015-11-09,8.0,3.0,0.0,11.0,0.2727272727272727,0.7272727272727273,True
938,2015-11-10,2.0,2.0,1.0,5.0,0.4,0.4,True
939,2015-11-11,6.0,10.0,0.0,16.0,0.625,0.375,True
940,2015-11-12,5.0,5.0,0.0,10.0,0.5,0.5,True
941,2015-11-13,1.0,1.0,0.0,2.0,0.5,0.5,False
942,2015-11-16,0.0,4.0,0.0,4.0,1.0,0.0,True
943,2015-11-17,10.0,3.0,0.0,13.0,0.2307692307692308,0.7692307692307693,True
944,2015-11-18,10.0,1.0,1.0,12.0,0.08333333333333333,0.8333333333333334,True
945,2015-11-23,1.0,1.0,0.0,2.0,0.5,0.5,True
946,2015-11-24,0.0,1.0,0.0,1.0,1.0,0.0,True
947,2015-11-25,1.0,2.0,0.0,3.0,0.6666666666666666,0.3333333333333333,True
948,2015-11-26,1.0,0.0,0.0,1.0,0.0,1.0,False
949,2015-11-30,12.0,0.0,0.0,12.0,0.0,1.0,True
950,2015-12-01,12.0,2.0,0.0,14.0,0.14285714285714285,0.8571428571428571,True
951,2015-12-02,14.0,0.0,0.0,14.0,0.0,1.0,True
952,2015-12-03,1.0,1.0,1.0,3.0,0.3333333333333333,0.3333333333333333,True
953,2015-12-04,4.0,0.0,0.0,4.0,0.0,1.0,True
954,2015-12-07,1.0,3.0,0.0,4.0,0.75,0.25,True
955,2015-12-09,0.0,6.0,0.0,6.0,1.0,0.0,True
956,2015-12-10,6.0,5.0,1.0,12.0,0.4166666666666667,0.5,False
957,2015-12-11,1.0,0.0,1.0,2.0,0.0,0.5,False
958,2015-12-14,8.0,3.0,2.0,13.0,0.2307692307692308,0.6153846153846154,True
959,2015-12-15,6.0,1.0,2.0,9.0,0.1111111111111111,0.6666666666666666,True
960,2015-12-16,2.0,1.0,1.0,4.0,0.25,0.5,True
961,2015-12-17,5.0,0.0,2.0,7.0,0.0,0.7142857142857143,True
962,2015-12-18,2.0,0.0,0.0,2.0,0.0,1.0,True
963,2015-12-19,1.0,1.0,0.0,2.0,0.5,0.5,False
964,2015-12-22,0.0,1.0,0.0,1.0,1.0,0.0,True
965,2015-12-28,0.0,1.0,0.0,1.0,1.0,0.0,True
966,2015-12-31,6.0,0.0,0.0,6.0,0.0,1.0,False
967,2016-01-01,6.0,0.0,0.0,6.0,0.0,1.0,False
968,2016-01-04,6.0,0.0,0.0,6.0,0.0,1.0,True
969,2016-01-05,11.0,4.0,3.0,18.0,0.2222222222222222,0.6111111111111112,True
970,2016-01-06,1.0,0.0,0.0,1.0,0.0,1.0,False
971,2016-01-07,7.0,0.0,0.0,7.0,0.0,1.0,False
972,2016-01-08,2.0,3.0,0.0,5.0,0.6,0.4,False
973,2016-01-11,3.0,2.0,0.0,5.0,0.4,0.6,True
974,2016-01-12,1.0,1.0,0.0,2.0,0.5,0.5,True
975,2016-01-14,0.0,4.0,6.0,10.0,0.4,0.0,False
976,2016-01-15,11.0,0.0,6.0,17.0,0.0,0.6470588235294118,False
977,2016-01-16,1.0,0.0,0.0,1.0,0.0,1.0,False
978,2016-01-17,3.0,0.0,0.0,3.0,0.0,1.0,True
979,2016-01-18,4.0,0.0,0.0,4.0,0.0,1.0,True
980,2016-01-19,16.0,1.0,1.0,18.0,0.05555555555555555,0.8888888888888888,True
981,2016-01-20,2.0,2.0,0.0,4.0,0.5,0.5,True
982,2016-01-21,17.0,1.0,1.0,19.0,0.05263157894736842,0.8947368421052632,True
983,2016-01-22,0.0,1.0,0.0,1.0,1.0,0.0,True
984,2016-01-25,0.0,0.0,4.0,4.0,0.0,0.0,True
985,2016-01-26,0.0,0.0,2.0,2.0,0.0,0.0,True
986,2016-01-27,11.0,7.0,0.0,18.0,0.3888888888888889,0.6111111111111112,True
987,2016-01-28,9.0,0.0,0.0,9.0,0.0,1.0,True
988,2016-01-29,7.0,0.0,0.0,7.0,0.0,1.0,False
989,2016-01-30,6.0,0.0,0.0,6.0,0.0,1.0,False
990,2016-01-31,0.0,1.0,0.0,1.0,1.0,0.0,False
991,2016-02-01,0.0,1.0,0.0,1.0,1.0,0.0,True
992,2016-02-02,8.0,0.0,0.0,8.0,0.0,1.0,True
993,2016-02-03,9.0,1.0,0.0,10.0,0.1,0.9,True
994,2016-02-04,1.0,2.0,1.0,4.0,0.5,0.25,False
995,2016-02-05,9.0,4.0,0.0,13.0,0.3076923076923077,0.6923076923076923,True
996,2016-02-06,0.0,3.0,0.0,3.0,1.0,0.0,True
997,2016-02-08,0.0,2.0,0.0,2.0,1.0,0.0,True
998,2016-02-09,4.0,2.0,0.0,6.0,0.3333333333333333,0.6666666666666666,True
999,2016-02-10,3.0,11.0,0.0,14.0,0.7857142857142857,0.21428571428571427,False
1000,2016-02-11,3.0,2.0,1.0,6.0,0.3333333333333333,0.5,True
1001,2016-02-12,4.0,5.0,2.0,11.0,0.4545454545454545,0.3636363636363637,True
1002,2016-02-13,0.0,1.0,0.0,1.0,1.0,0.0,False
1003,2016-02-15,0.0,1.0,1.0,2.0,0.5,0.0,True
1004,2016-02-16,1.0,3.0,0.0,4.0,0.75,0.25,True
1005,2016-02-17,11.0,1.0,4.0,16.0,0.0625,0.6875,False
1006,2016-02-18,17.0,4.0,0.0,21.0,0.19047619047619047,0.8095238095238095,False
1007,2016-02-19,5.0,1.0,0.0,6.0,0.16666666666666666,0.8333333333333334,False
1008,2016-02-20,3.0,5.0,0.0,8.0,0.625,0.375,False
1009,2016-02-22,2.0,1.0,0.0,3.0,0.3333333333333333,0.6666666666666666,True
1010,2016-02-23,1.0,2.0,1.0,4.0,0.5,0.25,True
1011,2016-02-24,5.0,5.0,3.0,13.0,0.38461538461538464,0.38461538461538464,False
1012,2016-02-25,5.0,11.0,0.0,16.0,0.6875,0.3125,False
1013,2016-02-26,12.0,2.0,6.0,20.0,0.1,0.6,False
1014,2016-02-27,0.0,1.0,0.0,1.0,1.0,0.0,False
1015,2016-02-29,0.0,1.0,3.0,4.0,0.25,0.0,True
1016,2016-03-01,0.0,1.0,0.0,1.0,1.0,0.0,True
1017,2016-03-02,0.0,14.0,0.0,14.0,1.0,0.0,True
1018,2016-03-03,0.0,2.0,0.0,2.0,1.0,0.0,False
1019,2016-03-04,2.0,4.0,0.0,6.0,0.6666666666666666,0.3333333333333333,True
1020,2016-03-05,2.0,3.0,0.0,5.0,0.6,0.4,True
1021,2016-03-07,0.0,2.0,1.0,3.0,0.6666666666666666,0.0,True
1022,2016-03-08,5.0,12.0,4.0,21.0,0.5714285714285714,0.2380952380952381,True
1023,2016-03-09,6.0,3.0,0.0,9.0,0.3333333333333333,0.6666666666666666,True
1024,2016-03-10,17.0,4.0,0.0,21.0,0.19047619047619047,0.8095238095238095,True
1025,2016-03-11,0.0,1.0,0.0,1.0,1.0,0.0,True
1026,2016-03-12,3.0,3.0,1.0,7.0,0.42857142857142855,0.42857142857142855,True
1027,2016-03-14,2.0,1.0,0.0,3.0,0.3333333333333333,0.6666666666666666,True
1028,2016-03-15,5.0,1.0,4.0,10.0,0.1,0.5,True
1029,2016-03-16,5.0,7.0,1.0,13.0,0.5384615384615384,0.38461538461538464,True
1030,2016-03-17,10.0,5.0,0.0,15.0,0.3333333333333333,0.6666666666666666,False
1031,2016-03-18,7.0,3.0,2.0,12.0,0.25,0.5833333333333334,False
1032,2016-03-19,0.0,1.0,0.0,1.0,1.0,0.0,False
1033,2016-03-21,5.0,0.0,3.0,8.0,0.0,0.625,True
1034,2016-03-22,13.0,6.0,0.0,19.0,0.3157894736842105,0.6842105263157895,False
1035,2016-03-23,1.0,3.0,0.0,4.0,0.75,0.25,True
1036,2016-03-24,1.0,0.0,0.0,1.0,0.0,1.0,True
1037,2016-03-25,15.0,15.0,0.0,30.0,0.5,0.5,False
1038,2016-03-26,1.0,0.0,0.0,1.0,0.0,1.0,False
1039,2016-03-28,2.0,6.0,0.0,8.0,0.75,0.25,False
1040,2016-03-29,3.0,1.0,0.0,4.0,0.25,0.75,True
1041,2016-03-30,8.0,11.0,1.0,20.0,0.55,0.4,True
1042,2016-03-31,0.0,1.0,0.0,1.0,1.0,0.0,True
1043,2016-04-01,3.0,2.0,1.0,6.0,0.3333333333333333,0.5,True
1044,2016-04-02,1.0,1.0,0.0,2.0,0.5,0.5,True
1045,2016-04-04,2.0,2.0,0.0,4.0,0.5,0.5,True
1046,2016-04-05,0.0,3.0,0.0,3.0,1.0,0.0,True
1047,2016-04-06,4.0,5.0,1.0,10.0,0.5,0.4,True
1048,2016-04-07,6.0,2.0,1.0,9.0,0.2222222222222222,0.6666666666666666,True
1049,2016-04-09,2.0,1.0,0.0,3.0,0.3333333333333333,0.6666666666666666,False
1050,2016-04-12,1.0,4.0,0.0,5.0,0.8,0.2,True
1051,2016-04-13,3.0,1.0,0.0,4.0,0.25,0.75,True
1052,2016-04-14,0.0,1.0,0.0,1.0,1.0,0.0,True
1053,2016-04-15,4.0,5.0,0.0,9.0,0.5555555555555556,0.4444444444444444,True
1054,2016-04-18,0.0,1.0,0.0,1.0,1.0,0.0,True
1055,2016-04-19,2.0,6.0,0.0,8.0,0.75,0.25,False
1056,2016-04-20,0.0,3.0,1.0,4.0,0.75,0.0,True
1057,2016-04-21,2.0,3.0,0.0,5.0,0.6,0.4,True
1058,2016-04-22,2.0,2.0,0.0,4.0,0.5,0.5,False
1059,2016-04-25,0.0,1.0,0.0,1.0,1.0,0.0,True
1060,2016-04-26,0.0,2.0,0.0,2.0,1.0,0.0,True
1061,2016-04-27,1.0,2.0,0.0,3.0,0.6666666666666666,0.3333333333333333,True
1062,2016-04-28,2.0,2.0,0.0,4.0,0.5,0.5,True
1063,2016-04-29,4.0,3.0,0.0,7.0,0.42857142857142855,0.5714285714285714,False
1064,2016-05-02,0.0,1.0,0.0,1.0,1.0,0.0,True
1065,2016-05-03,2.0,3.0,0.0,5.0,0.6,0.4,True
1066,2016-05-04,2.0,2.0,1.0,5.0,0.4,0.4,True
1067,2016-05-06,2.0,1.0,1.0,4.0,0.25,0.5,True
1068,2016-05-09,1.0,2.0,2.0,5.0,0.4,0.2,True
1069,2016-05-10,5.0,4.0,0.0,9.0,0.4444444444444444,0.5555555555555556,True
1070,2016-05-12,2.0,2.0,1.0,5.0,0.4,0.4,True
1071,2016-05-13,6.0,1.0,0.0,7.0,0.14285714285714285,0.8571428571428571,True
1072,2016-05-16,2.0,0.0,2.0,4.0,0.0,0.5,True
1073,2016-05-17,2.0,3.0,0.0,5.0,0.6,0.4,True
1074,2016-05-18,0.0,4.0,1.0,5.0,0.8,0.0,True
1075,2016-05-19,0.0,1.0,0.0,1.0,1.0,0.0,True
1076,2016-05-20,0.0,1.0,1.0,2.0,0.5,0.0,False
1077,2016-05-23,0.0,1.0,0.0,1.0,1.0,0.0,True
1078,2016-05-24,1.0,2.0,4.0,7.0,0.2857142857142857,0.14285714285714285,True
1079,2016-05-25,1.0,13.0,0.0,14.0,0.9285714285714286,0.07142857142857142,True
1080,2016-05-27,0.0,0.0,2.0,2.0,0.0,0.0,False
1081,2016-05-31,0.0,7.0,0.0,7.0,1.0,0.0,True
1082,2016-06-06,1.0,5.0,0.0,6.0,0.8333333333333334,0.16666666666666666,False
1083,2016-06-14,0.0,4.0,0.0,4.0,1.0,0.0,True
1084,2016-06-20,2.0,0.0,0.0,2.0,0.0,1.0,True
1085,2016-06-21,0.0,1.0,2.0,3.0,0.3333333333333333,0.0,True
1086,2016-06-22,0.0,0.0,5.0,5.0,0.0,0.0,False
1087,2016-06-23,0.0,0.0,1.0,1.0,0.0,0.0,False
1088,2016-06-27,0.0,0.0,5.0,5.0,0.0,0.0,False
1089,2016-06-28,0.0,1.0,2.0,3.0,0.3333333333333333,0.0,False
1090,2016-06-29,0.0,0.0,4.0,4.0,0.0,0.0,False
1091,2016-07-01,0.0,0.0,1.0,1.0,0.0,0.0,False
1092,2016-07-07,0.0,0.0,3.0,3.0,0.0,0.0,True
1093,2016-07-13,0.0,1.0,0.0,1.0,1.0,0.0,True
1094,2016-07-17,0.0,0.0,1.0,1.0,0.0,0.0,True
1095,2016-07-18,1.0,0.0,0.0,1.0,0.0,1.0,True
1096,2016-07-19,0.0,2.0,0.0,2.0,1.0,0.0,True
1097,2016-07-20,1.0,3.0,0.0,4.0,0.75,0.25,True
1098,2016-07-26,0.0,0.0,1.0,1.0,0.0,0.0,False
1099,2016-07-27,0.0,0.0,1.0,1.0,0.0,0.0,True
1100,2016-08-01,0.0,1.0,0.0,1.0,1.0,0.0,True
1101,2016-08-08,0.0,0.0,1.0,1.0,0.0,0.0,True
1102,2016-08-09,0.0,0.0,1.0,1.0,0.0,0.0,True
1103,2016-08-10,1.0,0.0,0.0,1.0,0.0,1.0,True
1104,2016-08-15,0.0,0.0,4.0,4.0,0.0,0.0,True
1105,2016-08-16,1.0,0.0,0.0,1.0,0.0,1.0,True
1106,2016-08-17,3.0,0.0,4.0,7.0,0.0,0.42857142857142855,True
1107,2016-08-18,5.0,0.0,0.0,5.0,0.0,1.0,True
1108,2016-08-30,1.0,0.0,0.0,1.0,0.0,1.0,True
1109,2016-09-01,2.0,0.0,0.0,2.0,0.0,1.0,True
1110,2016-09-02,1.0,0.0,0.0,1.0,0.0,1.0,False
1111,2016-09-07,2.0,0.0,0.0,2.0,0.0,1.0,True
1112,2016-09-08,2.0,0.0,0.0,2.0,0.0,1.0,True
1113,2016-09-12,0.0,1.0,4.0,5.0,0.2,0.0,False
1114,2016-09-13,2.0,0.0,0.0,2.0,0.0,1.0,False
1115,2016-09-15,3.0,0.0,1.0,4.0,0.0,0.75,False
1116,2016-09-20,1.0,0.0,0.0,1.0,0.0,1.0,True
1117,2016-09-21,1.0,0.0,1.0,2.0,0.0,0.5,True
1118,2016-09-22,6.0,1.0,1.0,8.0,0.125,0.75,False
1119,2016-09-23,4.0,0.0,0.0,4.0,0.0,1.0,False
1120,2016-09-24,0.0,1.0,0.0,1.0,1.0,0.0,False
1121,2016-09-27,2.0,1.0,1.0,4.0,0.25,0.5,True
1122,2016-10-04,6.0,1.0,0.0,7.0,0.14285714285714285,0.8571428571428571,True
1123,2016-10-05,2.0,1.0,0.0,3.0,0.3333333333333333,0.6666666666666666,True
1124,2016-10-06,0.0,1.0,0.0,1.0,1.0,0.0,True
1125,2016-10-07,1.0,0.0,0.0,1.0,0.0,1.0,True
1126,2016-10-08,13.0,1.0,0.0,14.0,0.07142857142857142,0.9285714285714286,False
1127,2016-10-10,7.0,0.0,0.0,7.0,0.0,1.0,True
1128,2016-10-11,0.0,1.0,1.0,2.0,0.5,0.0,True
1129,2016-10-12,21.0,3.0,1.0,25.0,0.12,0.84,True
1130,2016-10-13,1.0,1.0,0.0,2.0,0.5,0.5,True
1131,2016-10-17,0.0,0.0,6.0,6.0,0.0,0.0,True
1132,2016-10-18,4.0,2.0,0.0,6.0,0.3333333333333333,0.6666666666666666,True
1133,2016-10-19,6.0,0.0,8.0,14.0,0.0,0.42857142857142855,True
1134,2016-10-20,0.0,5.0,4.0,9.0,0.5555555555555556,0.0,True
1135,2016-10-21,8.0,5.0,0.0,13.0,0.38461538461538464,0.6153846153846154,True
1136,2016-10-22,2.0,0.0,0.0,2.0,0.0,1.0,True
1137,2016-10-24,0.0,1.0,8.0,9.0,0.1111111111111111,0.0,True
1138,2016-10-25,0.0,1.0,1.0,2.0,0.5,0.0,True
1139,2016-10-26,27.0,1.0,0.0,28.0,0.03571428571428571,0.9642857142857144,True
1140,2016-10-27,0.0,1.0,1.0,2.0,0.5,0.0,True
1141,2016-10-28,6.0,4.0,0.0,10.0,0.4,0.6,True
1142,2016-11-02,4.0,0.0,0.0,4.0,0.0,1.0,True
1143,2016-11-03,3.0,2.0,1.0,6.0,0.3333333333333333,0.5,False
1144,2016-11-04,1.0,2.0,0.0,3.0,0.6666666666666666,0.3333333333333333,False
1145,2016-11-05,2.0,0.0,0.0,2.0,0.0,1.0,False
1146,2016-11-07,13.0,1.0,1.0,15.0,0.06666666666666668,0.8666666666666667,True
1147,2016-11-08,0.0,2.0,0.0,2.0,1.0,0.0,False
1148,2016-11-15,1.0,2.0,0.0,3.0,0.6666666666666666,0.3333333333333333,True
1149,2016-11-16,1.0,3.0,0.0,4.0,0.75,0.25,True
1150,2016-11-17,0.0,2.0,0.0,2.0,1.0,0.0,True
1151,2016-11-18,2.0,0.0,0.0,2.0,0.0,1.0,True
1152,2016-11-20,4.0,2.0,0.0,6.0,0.3333333333333333,0.6666666666666666,True
1153,2016-11-21,0.0,4.0,0.0,4.0,1.0,0.0,True
1154,2016-11-22,2.0,1.0,0.0,3.0,0.3333333333333333,0.6666666666666666,True
1155,2016-11-23,2.0,1.0,0.0,3.0,0.3333333333333333,0.6666666666666666,True
1156,2016-11-28,0.0,1.0,0.0,1.0,1.0,0.0,True
1157,2016-11-29,2.0,47.0,1.0,50.0,0.94,0.04,True
1158,2016-11-30,0.0,4.0,0.0,4.0,1.0,0.0,True
1159,2016-12-01,3.0,4.0,1.0,8.0,0.5,0.375,True
1160,2016-12-02,1.0,0.0,1.0,2.0,0.0,0.5,True
1161,2016-12-05,0.0,0.0,15.0,15.0,0.0,0.0,True
1162,2016-12-06,0.0,2.0,0.0,2.0,1.0,0.0,True
1163,2016-12-07,0.0,3.0,0.0,3.0,1.0,0.0,True
1164,2016-12-09,9.0,0.0,1.0,10.0,0.0,0.9,True
1165,2016-12-13,0.0,0.0,1.0,1.0,0.0,0.0,True
1166,2016-12-14,0.0,2.0,0.0,2.0,1.0,0.0,True
1167,2016-12-15,0.0,2.0,0.0,2.0,1.0,0.0,True
1168,2016-12-16,0.0,0.0,1.0,1.0,0.0,0.0,True
1169,2016-12-19,13.0,0.0,0.0,13.0,0.0,1.0,True
1170,2016-12-20,23.0,0.0,0.0,23.0,0.0,1.0,True
1171,2016-12-27,0.0,0.0,1.0,1.0,0.0,0.0,False
1172,2017-01-06,2.0,1.0,0.0,3.0,0.3333333333333333,0.6666666666666666,True
1173,2017-01-09,24.0,3.0,0.0,27.0,0.1111111111111111,0.8888888888888888,True
1174,2017-01-10,20.0,7.0,0.0,27.0,0.25925925925925924,0.7407407407407407,True
1175,2017-01-11,2.0,2.0,0.0,4.0,0.5,0.5,True
1176,2017-01-12,0.0,2.0,0.0,2.0,1.0,0.0,True
1177,2017-01-13,0.0,0.0,1.0,1.0,0.0,0.0,True
1178,2017-01-14,25.0,5.0,0.0,30.0,0.16666666666666666,0.8333333333333334,False
1179,2017-01-17,2.0,5.0,0.0,7.0,0.7142857142857143,0.2857142857142857,True
1180,2017-01-18,0.0,0.0,6.0,6.0,0.0,0.0,True
1181,2017-01-20,11.0,0.0,0.0,11.0,0.0,1.0,True
1182,2017-01-21,0.0,1.0,0.0,1.0,1.0,0.0,True
1183,2017-01-23,1.0,12.0,0.0,13.0,0.9230769230769232,0.07692307692307693,True
1184,2017-01-24,4.0,6.0,1.0,11.0,0.5454545454545454,0.3636363636363637,True
1185,2017-01-26,0.0,0.0,2.0,2.0,0.0,0.0,True
1186,2017-01-31,0.0,0.0,1.0,1.0,0.0,0.0,True
1187,2017-02-01,0.0,1.0,1.0,2.0,0.5,0.0,True
1188,2017-02-02,7.0,0.0,0.0,7.0,0.0,1.0,True
1189,2017-02-03,1.0,0.0,0.0,1.0,0.0,1.0,True
1190,2017-02-06,11.0,0.0,1.0,12.0,0.0,0.9166666666666666,True
1191,2017-02-08,0.0,0.0,2.0,2.0,0.0,0.0,True
1192,2017-02-09,2.0,1.0,1.0,4.0,0.25,0.5,True
1193,2017-02-10,0.0,1.0,0.0,1.0,1.0,0.0,True
1194,2017-02-11,0.0,1.0,0.0,1.0,1.0,0.0,True
1195,2017-02-13,6.0,11.0,0.0,17.0,0.6470588235294118,0.35294117647058826,True
1196,2017-02-14,9.0,0.0,1.0,10.0,0.0,0.9,True
1197,2017-02-15,0.0,7.0,0.0,7.0,1.0,0.0,True
1198,2017-02-16,1.0,0.0,0.0,1.0,0.0,1.0,True
1199,2017-02-17,4.0,7.0,1.0,12.0,0.5833333333333334,0.3333333333333333,True
1200,2017-02-18,2.0,1.0,0.0,3.0,0.3333333333333333,0.6666666666666666,True
1201,2017-02-20,10.0,1.0,0.0,11.0,0.09090909090909093,0.9090909090909092,True
1202,2017-02-21,8.0,1.0,0.0,9.0,0.1111111111111111,0.8888888888888888,True
1203,2017-02-22,3.0,2.0,3.0,8.0,0.25,0.375,True
1204,2017-02-23,12.0,1.0,2.0,15.0,0.06666666666666668,0.8,True
1205,2017-02-24,2.0,1.0,2.0,5.0,0.2,0.4,True
1206,2017-02-25,29.0,3.0,0.0,32.0,0.09375,0.90625,True
1207,2017-02-27,3.0,3.0,1.0,7.0,0.42857142857142855,0.42857142857142855,True
1208,2017-02-28,2.0,0.0,0.0,2.0,0.0,1.0,True
1209,2017-03-01,0.0,0.0,1.0,1.0,0.0,0.0,True
1210,2017-03-02,1.0,0.0,0.0,1.0,0.0,1.0,True
1211,2017-03-03,2.0,0.0,0.0,2.0,0.0,1.0,True
1212,2017-03-04,10.0,1.0,0.0,11.0,0.09090909090909093,0.9090909090909092,True
1213,2017-03-05,4.0,0.0,1.0,5.0,0.0,0.8,True
1214,2017-03-06,12.0,8.0,0.0,20.0,0.4,0.6,True
1215,2017-03-07,0.0,4.0,1.0,5.0,0.8,0.0,True
1216,2017-03-08,5.0,2.0,0.0,7.0,0.2857142857142857,0.7142857142857143,False
1217,2017-03-09,4.0,4.0,0.0,8.0,0.5,0.5,True
1218,2017-03-10,2.0,2.0,0.0,4.0,0.5,0.5,True
1219,2017-03-11,2.0,1.0,1.0,4.0,0.25,0.5,False
1220,2017-03-13,2.0,0.0,0.0,2.0,0.0,1.0,True
1221,2017-03-14,19.0,0.0,1.0,20.0,0.0,0.95,True
1222,2017-03-15,4.0,1.0,1.0,6.0,0.16666666666666666,0.6666666666666666,True
1223,2017-03-16,3.0,3.0,1.0,7.0,0.42857142857142855,0.42857142857142855,False
1224,2017-03-17,8.0,6.0,1.0,15.0,0.4,0.5333333333333333,False
1225,2017-03-20,2.0,2.0,0.0,4.0,0.5,0.5,True
1226,2017-03-21,4.0,6.0,1.0,11.0,0.5454545454545454,0.3636363636363637,True
1227,2017-03-22,2.0,3.0,0.0,5.0,0.6,0.4,True
1228,2017-03-23,2.0,5.0,0.0,7.0,0.7142857142857143,0.2857142857142857,True
1229,2017-03-25,0.0,1.0,2.0,3.0,0.3333333333333333,0.0,True
1230,2017-03-26,0.0,1.0,2.0,3.0,0.3333333333333333,0.0,True
1231,2017-03-27,7.0,8.0,1.0,16.0,0.5,0.4375,True
1232,2017-03-28,1.0,4.0,1.0,6.0,0.6666666666666666,0.16666666666666666,True
1233,2017-03-29,7.0,6.0,4.0,17.0,0.35294117647058826,0.4117647058823529,True
1234,2017-03-30,4.0,7.0,2.0,13.0,0.5384615384615384,0.3076923076923077,True
1235,2017-03-31,3.0,2.0,3.0,8.0,0.25,0.375,True
1236,2017-04-03,2.0,0.0,1.0,3.0,0.0,0.6666666666666666,True
1237,2017-04-04,2.0,0.0,1.0,3.0,0.0,0.6666666666666666,True
1238,2017-04-05,6.0,3.0,0.0,9.0,0.3333333333333333,0.6666666666666666,True
1239,2017-04-06,0.0,1.0,0.0,1.0,1.0,0.0,True
1240,2017-04-07,4.0,2.0,0.0,6.0,0.3333333333333333,0.6666666666666666,True
1241,2017-04-10,6.0,2.0,0.0,8.0,0.25,0.75,True
1242,2017-04-11,2.0,2.0,0.0,4.0,0.5,0.5,True
1243,2017-04-12,5.0,3.0,0.0,8.0,0.375,0.625,True
1244,2017-04-13,7.0,13.0,2.0,22.0,0.5909090909090909,0.3181818181818182,True
1245,2017-04-14,4.0,1.0,2.0,7.0,0.14285714285714285,0.5714285714285714,True
1246,2017-04-17,1.0,1.0,0.0,2.0,0.5,0.5,True
1247,2017-04-18,7.0,1.0,1.0,9.0,0.1111111111111111,0.7777777777777778,True
1248,2017-04-19,15.0,7.0,1.0,23.0,0.3043478260869565,0.6521739130434783,True
1249,2017-04-20,4.0,1.0,0.0,5.0,0.2,0.8,True
1250,2017-04-21,17.0,3.0,7.0,27.0,0.1111111111111111,0.6296296296296297,True
1251,2017-04-24,0.0,1.0,0.0,1.0,1.0,0.0,True
1252,2017-04-25,1.0,2.0,0.0,3.0,0.6666666666666666,0.3333333333333333,True
1253,2017-04-26,2.0,6.0,1.0,9.0,0.6666666666666666,0.2222222222222222,True
1254,2017-04-27,5.0,3.0,0.0,8.0,0.375,0.625,True
1255,2017-04-28,1.0,2.0,0.0,3.0,0.6666666666666666,0.3333333333333333,True
1256,2017-04-29,0.0,1.0,0.0,1.0,1.0,0.0,False
1257,2017-05-01,5.0,2.0,0.0,7.0,0.2857142857142857,0.7142857142857143,True
1258,2017-05-02,13.0,1.0,1.0,15.0,0.06666666666666668,0.8666666666666667,True
1259,2017-05-03,2.0,2.0,1.0,5.0,0.4,0.4,True
1260,2017-05-04,6.0,1.0,0.0,7.0,0.14285714285714285,0.8571428571428571,True
1261,2017-05-05,9.0,0.0,1.0,10.0,0.0,0.9,True
1262,2017-05-08,4.0,1.0,0.0,5.0,0.2,0.8,True
1263,2017-05-10,10.0,8.0,5.0,23.0,0.3478260869565217,0.43478260869565216,True
1264,2017-05-11,8.0,3.0,3.0,14.0,0.21428571428571427,0.5714285714285714,True
1265,2017-05-12,2.0,4.0,0.0,6.0,0.6666666666666666,0.3333333333333333,True
1266,2017-05-13,1.0,0.0,0.0,1.0,0.0,1.0,True
1267,2017-05-15,3.0,0.0,1.0,4.0,0.0,0.75,True
1268,2017-05-16,3.0,1.0,0.0,4.0,0.25,0.75,True
1269,2017-05-17,4.0,2.0,2.0,8.0,0.25,0.5,True
1270,2017-05-18,4.0,2.0,0.0,6.0,0.3333333333333333,0.6666666666666666,True
1271,2017-05-20,0.0,0.0,1.0,1.0,0.0,0.0,False
1272,2017-05-22,6.0,2.0,0.0,8.0,0.25,0.75,True
1273,2017-05-23,11.0,0.0,1.0,12.0,0.0,0.9166666666666666,True
1274,2017-05-24,2.0,1.0,1.0,4.0,0.25,0.5,True
1275,2017-05-25,4.0,3.0,0.0,7.0,0.42857142857142855,0.5714285714285714,True
1276,2017-05-26,5.0,1.0,1.0,7.0,0.14285714285714285,0.7142857142857143,True
1277,2017-05-30,9.0,2.0,0.0,11.0,0.18181818181818185,0.8181818181818182,True
1278,2017-05-31,8.0,4.0,0.0,12.0,0.3333333333333333,0.6666666666666666,False
1279,2017-06-01,2.0,2.0,0.0,4.0,0.5,0.5,True
1280,2017-06-02,0.0,5.0,0.0,5.0,1.0,0.0,True
1281,2017-06-05,16.0,5.0,2.0,23.0,0.21739130434782608,0.6956521739130435,True
1282,2017-06-06,3.0,4.0,1.0,8.0,0.5,0.375,True
1283,2017-06-07,2.0,0.0,0.0,2.0,0.0,1.0,True
1284,2017-06-08,4.0,2.0,0.0,6.0,0.3333333333333333,0.6666666666666666,True
1285,2017-06-09,5.0,3.0,0.0,8.0,0.375,0.625,True
1286,2017-06-13,0.0,1.0,0.0,1.0,1.0,0.0,True
1287,2017-06-14,5.0,9.0,0.0,14.0,0.6428571428571429,0.35714285714285715,True
1288,2017-06-15,6.0,2.0,0.0,8.0,0.25,0.75,True
1289,2017-06-16,3.0,3.0,1.0,7.0,0.42857142857142855,0.42857142857142855,True
1290,2017-06-19,0.0,0.0,1.0,1.0,0.0,0.0,True
1291,2017-06-21,5.0,1.0,0.0,6.0,0.16666666666666666,0.8333333333333334,True
1292,2017-06-22,2.0,0.0,1.0,3.0,0.0,0.6666666666666666,True
1293,2017-06-23,5.0,0.0,1.0,6.0,0.0,0.8333333333333334,True
1294,2017-06-24,2.0,0.0,0.0,2.0,0.0,1.0,False
1295,2017-06-26,1.0,0.0,0.0,1.0,0.0,1.0,False
1296,2017-06-29,0.0,2.0,0.0,2.0,1.0,0.0,True
1297,2017-07-05,2.0,0.0,1.0,3.0,0.0,0.6666666666666666,True
1298,2017-07-06,0.0,0.0,2.0,2.0,0.0,0.0,True
1299,2017-07-07,0.0,2.0,0.0,2.0,1.0,0.0,True
1300,2017-07-09,6.0,0.0,0.0,6.0,0.0,1.0,True
1301,2017-07-10,0.0,0.0,1.0,1.0,0.0,0.0,True
1302,2017-07-11,1.0,2.0,1.0,4.0,0.5,0.25,True
1303,2017-07-12,0.0,0.0,1.0,1.0,0.0,0.0,True
1304,2017-07-13,7.0,3.0,0.0,10.0,0.3,0.7,True
1305,2017-07-14,6.0,5.0,0.0,11.0,0.4545454545454545,0.5454545454545454,True
1306,2017-07-17,1.0,0.0,1.0,2.0,0.0,0.5,True
1307,2017-07-18,5.0,1.0,0.0,6.0,0.16666666666666666,0.8333333333333334,True
1308,2017-07-19,9.0,2.0,0.0,11.0,0.18181818181818185,0.8181818181818182,True
1309,2017-07-20,1.0,5.0,8.0,14.0,0.35714285714285715,0.07142857142857142,True
1310,2017-07-21,1.0,2.0,0.0,3.0,0.6666666666666666,0.3333333333333333,True
1311,2017-07-24,3.0,2.0,3.0,8.0,0.25,0.375,True
1312,2017-07-25,2.0,1.0,1.0,4.0,0.25,0.5,True
1313,2017-07-26,0.0,1.0,0.0,1.0,1.0,0.0,True
1314,2017-07-27,1.0,1.0,1.0,3.0,0.3333333333333333,0.3333333333333333,True
1315,2017-07-31,2.0,2.0,0.0,4.0,0.5,0.5,True
1316,2017-08-01,5.0,0.0,0.0,5.0,0.0,1.0,True
1317,2017-08-02,0.0,1.0,0.0,1.0,1.0,0.0,True
1318,2017-08-03,0.0,1.0,0.0,1.0,1.0,0.0,True
1319,2017-08-04,5.0,0.0,0.0,5.0,0.0,1.0,False
1320,2017-08-08,1.0,1.0,2.0,4.0,0.25,0.25,True
1321,2017-08-15,0.0,0.0,1.0,1.0,0.0,0.0,True
1322,2017-08-17,1.0,0.0,0.0,1.0,0.0,1.0,True
1323,2017-08-18,0.0,1.0,0.0,1.0,1.0,0.0,True
1324,2017-08-24,1.0,3.0,0.0,4.0,0.75,0.25,True
1325,2017-08-25,0.0,0.0,1.0,1.0,0.0,0.0,False
1326,2017-08-28,0.0,0.0,1.0,1.0,0.0,0.0,True
1327,2017-08-29,0.0,0.0,1.0,1.0,0.0,0.0,True
1328,2017-09-04,0.0,0.0,1.0,1.0,0.0,0.0,True
1329,2017-09-05,1.0,0.0,0.0,1.0,0.0,1.0,True
1330,2017-09-12,0.0,0.0,7.0,7.0,0.0,0.0,False
1331,2017-09-14,0.0,0.0,2.0,2.0,0.0,0.0,True
1332,2017-09-18,1.0,0.0,0.0,1.0,0.0,1.0,True
1333,2017-09-19,0.0,7.0,0.0,7.0,1.0,0.0,True
1334,2017-09-21,1.0,0.0,0.0,1.0,0.0,1.0,True
1335,2017-09-22,0.0,0.0,1.0,1.0,0.0,0.0,False
1336,2017-09-23,0.0,2.0,0.0,2.0,1.0,0.0,False
1337,2017-09-25,0.0,0.0,1.0,1.0,0.0,0.0,True
1338,2017-09-26,0.0,2.0,1.0,3.0,0.6666666666666666,0.0,True
1339,2017-09-28,4.0,2.0,1.0,7.0,0.2857142857142857,0.5714285714285714,False
1340,2017-10-02,1.0,0.0,2.0,3.0,0.0,0.3333333333333333,True
1341,2017-10-03,0.0,0.0,1.0,1.0,0.0,0.0,True
1342,2017-10-04,2.0,0.0,0.0,2.0,0.0,1.0,True
1343,2017-10-05,1.0,1.0,0.0,2.0,0.5,0.5,True
1344,2017-10-09,0.0,0.0,2.0,2.0,0.0,0.0,True
1345,2017-10-10,0.0,1.0,0.0,1.0,1.0,0.0,True
1346,2017-10-12,10.0,2.0,4.0,16.0,0.125,0.625,True
1347,2017-10-13,0.0,2.0,1.0,3.0,0.6666666666666666,0.0,True
1348,2017-10-17,1.0,2.0,0.0,3.0,0.6666666666666666,0.3333333333333333,True
1349,2017-10-18,0.0,1.0,0.0,1.0,1.0,0.0,True
1350,2017-10-19,15.0,0.0,2.0,17.0,0.0,0.8823529411764706,True
1351,2017-10-20,2.0,0.0,0.0,2.0,0.0,1.0,True
1352,2017-10-23,0.0,0.0,16.0,16.0,0.0,0.0,True
1353,2017-10-24,1.0,5.0,1.0,7.0,0.7142857142857143,0.14285714285714285,True
1354,2017-10-25,11.0,0.0,1.0,12.0,0.0,0.9166666666666666,False
1355,2017-10-30,0.0,0.0,2.0,2.0,0.0,0.0,False
1356,2017-11-01,0.0,1.0,0.0,1.0,1.0,0.0,True
1357,2017-11-02,3.0,1.0,0.0,4.0,0.25,0.75,True
1358,2017-11-07,0.0,0.0,1.0,1.0,0.0,0.0,True
1359,2017-11-08,2.0,3.0,0.0,5.0,0.6,0.4,True
1360,2017-11-09,1.0,0.0,1.0,2.0,0.0,0.5,True
1361,2017-11-10,2.0,0.0,0.0,2.0,0.0,1.0,True
1362,2017-11-11,0.0,1.0,0.0,1.0,1.0,0.0,False
1363,2017-11-13,2.0,1.0,0.0,3.0,0.3333333333333333,0.6666666666666666,True
1364,2017-11-14,0.0,1.0,0.0,1.0,1.0,0.0,True
1365,2017-11-15,0.0,1.0,0.0,1.0,1.0,0.0,True
1366,2017-11-16,1.0,0.0,1.0,2.0,0.0,0.5,True
1367,2017-11-17,0.0,0.0,1.0,1.0,0.0,0.0,True
1368,2017-11-20,1.0,0.0,0.0,1.0,0.0,1.0,True
1369,2017-11-21,4.0,1.0,7.0,12.0,0.08333333333333333,0.3333333333333333,True
1370,2017-11-22,1.0,1.0,10.0,12.0,0.08333333333333333,0.08333333333333333,True
